FileName,FunctionalCategory,PlatformEntity,KeyFields,ProposedDBMapping,APIMapping,UIScreen
8.2.1.1 Powder Line Forms/8.2.1.1.1 Daily Temperature Check Log.xlsx,PROCESS CONTROL,ProcessControl,Cure Oven Temperature; Cure oven temp.; Cure Oven Temp Setting; Dry -Off oven Temperature; Washer Temperature; Cure Oven Set Point; Product Entering Cure Oven; Operator; Time OR Reason; Time of Inspection; Dry-Off temp gauge; Operator Inspecting; Dry-Off Temp Setting; Date:________________; Shift:________________; Pendant Count: Run Time:; Stage 1 pump pressure **; Stage 3 pump pressure **; Stage 4 pump pressure **; Stage 2 pump pressure **; Comments; Washer Temp Stage 1 (120-150F); Line speed; Burner Light On; Dry Off Set Point,"NEW process.ProcessCheck (PlantId, ProductionLineId, EquipmentId, CheckDateTime, ShiftId, ParameterId, Value, SpecMin, SpecMax, IsInSpec, ReactionTaken, VerifiedBy)",NEW,Powder Line Process Checklist
8.2.1.1 Powder Line Forms/8.2.1.1.13 Offline Batch Oven Daily Check Sheet.xls,PROCESS CONTROL,ProcessControl,UNKNOWN,"NEW process.ProcessCheck (PlantId, ProductionLineId, EquipmentId, CheckDateTime, ShiftId, ParameterId, Value, SpecMin, SpecMax, IsInSpec, ReactionTaken, VerifiedBy)",NEW,Powder Line Process Checklist
8.2.1.1 Powder Line Forms/8.2.1.1.14 Filter Change Log.xls,MAINTENANCE / PM,Maintenance,UNKNOWN,"NEW maintenance.MaintenanceLog (PlantId, EquipmentId, TaskId, PerformedDateTime, PerformedBy, VerifiedBy, Notes)",NEW,Maintenance / PM Log
8.2.1.1 Powder Line Forms/8.2.1.1.16 Powder Booth Weekly Cleaning and Maintenance Check Sheet.xlsx,PROCESS CONTROL,ProcessControl,Date:; Shift; Friday (days); Clean out behind powder.; Brush powder path of Auto guns.,"NEW process.ProcessCheck (PlantId, ProductionLineId, EquipmentId, CheckDateTime, ShiftId, ParameterId, Value, SpecMin, SpecMax, IsInSpec, ReactionTaken, VerifiedBy)",NEW,Powder Line Process Checklist
8.2.1.1 Powder Line Forms/8.2.1.1.17 Cure Oven Cleaning Log.xls,MAINTENANCE / PM,Maintenance,UNKNOWN,"NEW maintenance.MaintenanceLog (PlantId, EquipmentId, TaskId, PerformedDateTime, PerformedBy, VerifiedBy, Notes)",NEW,Maintenance / PM Log
8.2.1.1 Powder Line Forms/8.2.1.1.18 Dry Off Oven Cleaning Log.xls,MAINTENANCE / PM,Maintenance,UNKNOWN,"NEW maintenance.MaintenanceLog (PlantId, EquipmentId, TaskId, PerformedDateTime, PerformedBy, VerifiedBy, Notes)",NEW,Maintenance / PM Log
8.2.1.1 Powder Line Forms/8.2.1.1.2 Paint Record.xlsx,PRODUCTION TRACKING,ProductionRun,"Paint/Batch Lot:; Time:; SHIFT :; Initials; Shift (M/D/A); DAYS; Line Speed; AFTERNOONS; PAINT RECORD; Re-claim LBS; Paint Colour:; Box OR Drum #; Powder IN Weight; Record any adjustments made to recipe; Recipe Called , if no recipe was used record N/A","NEW production.ProductionRun (PlantId, ProductionLineId, StartTime, EndTime, CustomerId, PartId, LotNumber, LoadBarId/RackId, ShiftId, OperatorUserId, QuantityLoaded, QuantityUnloaded)",NEW,Production Run / Load Tracking
8.2.1.1 Powder Line Forms/8.2.1.1.29 Offline Booth Pressure Differential Gauge Check Sheet.xlsx,PROCESS CONTROL,ProcessControl,DATE; INITIALS; FINAL FILTER; PPE REQUIRED:; COLLECTOR GAUGE READING; Offline Paint Booth Pressure Differential Gauge Check Sheet,"NEW process.ProcessCheck (PlantId, ProductionLineId, EquipmentId, CheckDateTime, ShiftId, ParameterId, Value, SpecMin, SpecMax, IsInSpec, ReactionTaken, VerifiedBy)",NEW,Powder Line Process Checklist
8.2.1.1 Powder Line Forms/8.2.1.1.33 Pre Cure Inspection.xlsx,QUALITY INSPECTION,Inspection,Time:; Date:; Part #; Shift:; Initials; Part Condition; Powder Line Pre Cure Inspection; Action Taken; Paint Colour:; Check Powder for Clumpiness - Visual,"NEW inspection.InspectionRecord (PlantId, LineTypeId, CustomerId, PartId, LotNumber, InspectionDateTime, ShiftId, InspectorUserId, QuantityInspected, QuantityRejected) + NEW inspection.InspectionDefect (DefectTypeId, Count, LocationCode/Notes)",NEW,Inspection & Defect Entry
8.2.1.1 Powder Line Forms/8.2.1.1.35 Powder Booth Recipe Parameter Template.xlsx,PROCESS CONTROL,ProcessControl,High Voltage [kV]; Powder Quantity [%]; HV; No.; ASR; Guns; Switch; Selection; Reciprocators; Sliding Tables; Fore-run[inch]; Speed [ft/min]; Overlap [Inch]; After-run[Inch]; Distance [Inch]; Total Air [Nm3/hr]; Start fore-run [Inch]; Stop After-run [Inch]; Current Limitation [uA]; Upper Reversal Point [Inch]; Positioning [Recognition/Recipe],"NEW process.ProcessCheck (PlantId, ProductionLineId, EquipmentId, CheckDateTime, ShiftId, ParameterId, Value, SpecMin, SpecMax, IsInSpec, ReactionTaken, VerifiedBy)",NEW,Powder Line Process Checklist
8.2.1.1 Powder Line Forms/8.2.1.1.36 Manual-Gun Painter Parameters Template.xlsx,PROCESS CONTROL,ProcessControl,Customer:; Part Colour:; Part Number:; Voltage [kV]; Powder Quantity [%]; Line Speed:; STATION/GUN; Recipe Name:; Total Air [Nm3/hr]; Current Limitation [uA]; Preferred Gun Distance [m],"NEW process.ProcessCheck (PlantId, ProductionLineId, EquipmentId, CheckDateTime, ShiftId, ParameterId, Value, SpecMin, SpecMax, IsInSpec, ReactionTaken, VerifiedBy)",NEW,Powder Line Process Checklist
8.2.1.1 Powder Line Forms/8.2.1.1.37 Powderline Checklist.xlsx,PROCESS CONTROL,ProcessControl,Close Drains; Clean screens; Clean Nozzles; Fill stage 2+4; Close fill valves; Set fill switch to auto; Drain and Rinse stage 2+4,"NEW process.ProcessCheck (PlantId, ProductionLineId, EquipmentId, CheckDateTime, ShiftId, ParameterId, Value, SpecMin, SpecMax, IsInSpec, ReactionTaken, VerifiedBy)",NEW,Powder Line Process Checklist
8.2.1.1 Powder Line Forms/8.2.1.1.4  Setup Verification Form.xlsx,PROCESS CONTROL,ProcessControl,Time; Oven Temps Correct (Y/N); Shift; Customer; Date (mm/dd/yy); Line Speed; Correct Paint Recipe Loaded (Y/N); Setup Verification; Supervisor Sign Off; Paint Booth Cleaned (Y/N); Washer Stages Correct (Y/N); Powder Colour Verification (Y/N),"NEW process.ProcessCheck (PlantId, ProductionLineId, EquipmentId, CheckDateTime, ShiftId, ParameterId, Value, SpecMin, SpecMax, IsInSpec, ReactionTaken, VerifiedBy)",NEW,Powder Line Process Checklist
8.2.1.1 Powder Line Forms/8.2.1.1.5 Offline Load Sheet.xlsx,PRODUCTION TRACKING,ProductionRun,ReWork Parts; Quantity Loaded; Quantity Rejected; Operator Initials; Date:; Customer; RAW Parts; Rejection Description (Defect); Shift (M/D/A); Customer P.O.#; Part # (or Description); Powder Offline Load Sheet; Price/Unit ($)if applicable,"NEW production.ProductionRun (PlantId, ProductionLineId, StartTime, EndTime, CustomerId, PartId, LotNumber, LoadBarId/RackId, ShiftId, OperatorUserId, QuantityLoaded, QuantityUnloaded)",NEW,Production Run / Load Tracking
8.2.1.1 Powder Line Forms/8.2.1.1.8 Offline Paint Record.xls,PRODUCTION TRACKING,ProductionRun,UNKNOWN,"NEW production.ProductionRun (PlantId, ProductionLineId, StartTime, EndTime, CustomerId, PartId, LotNumber, LoadBarId/RackId, ShiftId, OperatorUserId, QuantityLoaded, QuantityUnloaded)",NEW,Production Run / Load Tracking
8.2.1.1 Powder Line Forms/8.2.1.1.9 Part Load Sheet.xls.xlsx,PRODUCTION TRACKING,ProductionRun,Reject Quantity; Operator Initials; Customer; Quantity; Stop Time; Time Lost; Ending Load Bar of Colour Run:; Load Sheet; Restart Time; Starting Load Bar of Colour Run:; Shift (M/D/A); Rejection Description; Part # (or Description); Reason; Paint Colour (note colours changes only),"NEW production.ProductionRun (PlantId, ProductionLineId, StartTime, EndTime, CustomerId, PartId, LotNumber, LoadBarId/RackId, ShiftId, OperatorUserId, QuantityLoaded, QuantityUnloaded)",NEW,Production Run / Load Tracking
8.2.1.2 ECoat Line Forms/8.2.1.2.1 Ecoat Daily Checklist-edit.xlsx,PROCESS CONTROL,ProcessControl,DATE; Stage; Status; Method; Cell #1; Parameter; UF System; Flow Meter; Requirement; Permeate Flux; 3.5 gpm +/- .5,"NEW process.ProcessCheck (PlantId, ProductionLineId, EquipmentId, CheckDateTime, ShiftId, ParameterId, Value, SpecMin, SpecMax, IsInSpec, ReactionTaken, VerifiedBy)",NEW,E-Coat Daily Process Checklist
8.2.1.2 ECoat Line Forms/8.2.1.2.10 Out of Specification Reaction Form.xlsx,NCR / DISPOSITION,NCR,Operator Initials; Date; Retest Time; Stage; Specification; Retest Condition; Out of Spec Reading; Notify Supervisor? Y/N; Adjustment Made (explain); OUT OF SPECIFICATION REACTION FORM,"quality.NonConformanceReport.* (Description, QuantityAffected/Rejected/Inspected, DefectTypeId, CustomerId, PartId, LotNumber, DispositionCodeId) + quality.NcrDisposition + workflow.ActionItem (containment/investigation tasks)",EXISTING,NCR Intake / Disposition
8.2.1.2 ECoat Line Forms/8.2.1.2.11 Daily Lab Analysis Template -edit .xlsx,LAB / CHEMISTRY,LabChemistry,Stage; Month:; Material; Parameter; Free Alk.; 18.5-21.5mL; Specification; Gardoclean S5176 Alkaline Spray Cleaner,"NEW lab.BathAnalysis (PlantId, LineId, TankId, SampleDateTime, ParameterId, ResultValue, SpecMin, SpecMax, ActionTaken, VerifiedBy)",NEW,Lab / Bath Chemistry Entry
8.2.1.2 ECoat Line Forms/8.2.1.2.11 Daily Lab Analysis Template.xlsx,LAB / CHEMISTRY,LabChemistry,DATE; Material; Parameter; Free Alk.; 18.5-21.5mL; Specification; See the Note below for Specification; Gardoclean S5176 Alkaline Spray Cleaner; Gardoclean S5176 Alkaline Immersion Cleaner,"NEW lab.BathAnalysis (PlantId, LineId, TankId, SampleDateTime, ParameterId, ResultValue, SpecMin, SpecMax, ActionTaken, VerifiedBy)",NEW,Lab / Bath Chemistry Entry
8.2.1.2 ECoat Line Forms/8.2.1.2.15 Amps Tracking.xlsx,PROCESS CONTROL,ProcessControl,Bar; Time; Amps; Date; Part: AGS Large Brackets; Notes; Shift; # of Racks; # of parts; AVG Amp/Bar; AmpHour/Hour; Part: Tiercon Wings; Part: Tiercon Bumpers; >>; Tech; #DIV/0!; Difference; Amp Hour Diff; Total Amp Hours; Hours Production,"NEW process.ProcessCheck (PlantId, ProductionLineId, EquipmentId, CheckDateTime, ShiftId, ParameterId, Value, SpecMin, SpecMax, IsInSpec, ReactionTaken, VerifiedBy)",NEW,E-Coat Daily Process Checklist
8.2.1.2 ECoat Line Forms/8.2.1.2.17 E-coat Tank Flow Chart.xlsx,PROCESS CONTROL,ProcessControl,RO; H2O; Screen; Boiler; City Drain; Motor Check; Weekly Purge; Heat Exchanger; Water Treatment; Chemical Metering; Filter Inspection; Chemical Additives; Permeate Ultra Filter; Water Break Inspection; Secondary Heat Exchanger,"NEW process.ProcessCheck (PlantId, ProductionLineId, EquipmentId, CheckDateTime, ShiftId, ParameterId, Value, SpecMin, SpecMax, IsInSpec, ReactionTaken, VerifiedBy)",NEW,E-Coat Daily Process Checklist
8.2.1.2 ECoat Line Forms/8.2.1.2.19 E-Coat Load Sheet.xlsx,PRODUCTION TRACKING,ProductionRun,Load Bar #; #Rejected Parts; # OF RAW PARTS LOADED; Date:; Shift:; CUSTOMER; Operator:; PART NUMBER; # OF RAW PARTS MISSING AT UNLOAD; E-Coat Load Sheet; YES; Days; Dumur; Amino; EER Box; BDA-029E; Accurate; START BIN; Accurcast; Midnights; Afternoons; MapleStamping; 13429(AB)-48065; END/START OF BIN; Blue Light Status,"NEW production.ProductionRun (PlantId, ProductionLineId, StartTime, EndTime, CustomerId, PartId, LotNumber, LoadBarId/RackId, ShiftId, OperatorUserId, QuantityLoaded, QuantityUnloaded)",NEW,Production Run / Load Tracking
8.2.1.2 ECoat Line Forms/8.2.1.2.2 Pre-Treat Daily Checklist edit .xlsx,PROCESS CONTROL,ProcessControl,DATE; Stage; Status; Visual; Method; Parameter; Tank Level; Above Weir; Requirement; Stg. 1 Spray Clean,"NEW process.ProcessCheck (PlantId, ProductionLineId, EquipmentId, CheckDateTime, ShiftId, ParameterId, Value, SpecMin, SpecMax, IsInSpec, ReactionTaken, VerifiedBy)",NEW,E-Coat Daily Process Checklist
8.2.1.2 ECoat Line Forms/8.2.1.2.20 Test Part Procedure Ecoat.xlsx,None/Reference,None/Reference,DATE; Material; Parameter; Free Alk.; 18.5-21.5mL; Specification; Gardoclean S5176 Alkaline Spray Cleaner; Gardoclean S5176 Alkaline Immersion Cleaner,UNKNOWN,NEW,Reference / None
"8.2.1.2 ECoat Line Forms/8.2.1.2.21 PNB,PPH Sheet.xlsx",None/Reference,None/Reference,Date; Gallons of PPH added; Other Additions; Gallons of PNB added,UNKNOWN,NEW,Reference / None
8.2.1.2 ECoat Line Forms/8.2.1.2.22 Metering Pump Control Sheet.xlsx,PROCESS CONTROL,ProcessControl,TANK; Stroke; Parameter; Gardoclean S5176 Alkaline spray Cleaner; Gardoclean S5176 Alkaline Immersion Cleaner,"NEW process.ProcessCheck (PlantId, ProductionLineId, EquipmentId, CheckDateTime, ShiftId, ParameterId, Value, SpecMin, SpecMax, IsInSpec, ReactionTaken, VerifiedBy)",NEW,E-Coat Daily Process Checklist
"8.2.1.2 ECoat Line Forms/8.2.1.2.23 BASF Process database DO NOT USE, FILL OUT 2022.xlsm",LAB / CHEMISTRY,LabChemistry,Temperature; Temperature °F; pH; DATE; TIME; SHIFT; OPERATOR; Conductivity (µS/cm); STDEV; Stage 5; Average; #DIV/0!; Stage 3; Stage 6; Stage 7; Stage 8; Stage 2; Stage 4; Stage 9; Stage 10; Free Acid; Tank Level; Gas Points; Total acid; Iron Points,"NEW lab.BathAnalysis (PlantId, LineId, TankId, SampleDateTime, ParameterId, ResultValue, SpecMin, SpecMax, ActionTaken, VerifiedBy)",NEW,Lab / Bath Chemistry Entry
8.2.1.2 ECoat Line Forms/8.2.1.2.24 BASF PB Ratio Dennis.xlsx,LAB / CHEMISTRY,LabChemistry,Time; Date; Batch#; KM; WA; %NV; Amar; Tech; Tank#; 9:00AM; E-COAT; % NV =; #DIV/0!; % Pigment; EQUATIONS; May 20/16; May 19/16; Product #; Avg sample values; DRY PAINT WT X 100,"NEW lab.BathAnalysis (PlantId, LineId, TankId, SampleDateTime, ParameterId, ResultValue, SpecMin, SpecMax, ActionTaken, VerifiedBy)",NEW,Lab / Bath Chemistry Entry
8.2.1.2 ECoat Line Forms/8.2.1.2.25 Ecoat Filter Change Log.xls,MAINTENANCE / PM,Maintenance,UNKNOWN,"NEW maintenance.MaintenanceLog (PlantId, EquipmentId, TaskId, PerformedDateTime, PerformedBy, VerifiedBy, Notes)",NEW,Maintenance / PM Log
8.2.1.2 ECoat Line Forms/8.2.1.2.26 Ecoat Daily Temp Log.xlsx,PROCESS CONTROL,ProcessControl,Shift Times; Cure Oven 380˚-415˚F; Daily Temperature Log; Time; Shift; Date:; Operator; Name:; Created; Changes; Comments; Doug Thomas; Megan Rumble; Tank 4 <100˚ F; Tank 9 90˚-98˚ F; Boiler 167˚-172˚F; Tank 1 120˚-160˚ F; Tank 2 120˚-160˚ F; Tank 5 110˚- 130˚ F; Added AMP hours information.,"NEW process.ProcessCheck (PlantId, ProductionLineId, EquipmentId, CheckDateTime, ShiftId, ParameterId, Value, SpecMin, SpecMax, IsInSpec, ReactionTaken, VerifiedBy)",NEW,E-Coat Daily Process Checklist
8.2.1.2 ECoat Line Forms/8.2.1.2.27 Tank Cleaning Record.xlsx,MAINTENANCE / PM,Maintenance,Date Dumped; Tank #; COMMENTS; Chemical Additions; Tank Cleaning Record,"NEW maintenance.MaintenanceLog (PlantId, EquipmentId, TaskId, PerformedDateTime, PerformedBy, VerifiedBy, Notes)",NEW,Maintenance / PM Log
8.2.1.2 ECoat Line Forms/8.2.1.2.28 Rejected Material Disposition Log.xls,NCR / DISPOSITION,NCR,UNKNOWN,"quality.NonConformanceReport.* (Description, QuantityAffected/Rejected/Inspected, DefectTypeId, CustomerId, PartId, LotNumber, DispositionCodeId) + quality.NcrDisposition + workflow.ActionItem (containment/investigation tasks)",EXISTING,NCR Intake / Disposition
8.2.1.2 ECoat Line Forms/8.2.1.2.29 Part Fallout log.xlsx,NCR / DISPOSITION,NCR,PART DEFECTIVE (Y/N); QUANTITY OF PARTS FOUND; DATE; CUSTOMER; RACK TYPE; PART NUMBER; PART FALLOUT LOG; CAN BE REWORKED (Y/N); STAGE,"quality.NonConformanceReport.* (Description, QuantityAffected/Rejected/Inspected, DefectTypeId, CustomerId, PartId, LotNumber, DispositionCodeId) + quality.NcrDisposition + workflow.ActionItem (containment/investigation tasks)",EXISTING,NCR Intake / Disposition
8.2.1.2 ECoat Line Forms/8.2.1.2.3 BASF Test Tracking.xlsx,LAB / CHEMISTRY,LabChemistry,DATE RETURNED; BASF TEST TRACKING; EXPECTED RETURN DATE; SENT; COMMENTS,"NEW lab.BathAnalysis (PlantId, LineId, TankId, SampleDateTime, ParameterId, ResultValue, SpecMin, SpecMax, ActionTaken, VerifiedBy)",NEW,Lab / Bath Chemistry Entry
8.2.1.2 ECoat Line Forms/8.2.1.2.30 Ecoat House Keeping.xlsx,MAINTENANCE / PM,Maintenance,Notes; Shift; Morning Shift; Afternoon Shift; Days; Area; Week 2; Week 5; Week 3; Week 1; Monday; Week 4; Supervisor; Settling Tank; Vaccum the inside and clean the outside; Stage 5 Filter Press and Heat Exchangers; Clean the area and wipe down the exchangers,"NEW maintenance.MaintenanceLog (PlantId, EquipmentId, TaskId, PerformedDateTime, PerformedBy, VerifiedBy, Notes)",NEW,Maintenance / PM Log
8.2.1.2 ECoat Line Forms/8.2.1.2.4 Chemical Addition to E-Coat Line Stage 9 and Stage 11.xlsx,LAB / CHEMISTRY,LabChemistry,Date:; Gallons of PPH added; Other Additions; Gallons of PNB added; Chemical Addition To E-Coat Stage 9 and Stage 11,"NEW lab.BathAnalysis (PlantId, LineId, TankId, SampleDateTime, ParameterId, ResultValue, SpecMin, SpecMax, ActionTaken, VerifiedBy)",NEW,Lab / Bath Chemistry Entry
8.2.1.2 ECoat Line Forms/8.2.1.2.5 Pigment Binder Ratio.xlsx,LAB / CHEMISTRY,LabChemistry,Batch#; %NV; Ecoat; Tank#; #DIV/0!; % Pigment; Product #,"NEW lab.BathAnalysis (PlantId, LineId, TankId, SampleDateTime, ParameterId, ResultValue, SpecMin, SpecMax, ActionTaken, VerifiedBy)",NEW,Lab / Bath Chemistry Entry
8.2.1.2 ECoat Line Forms/8.2.1.2.6 E-coat Lab Inventory.xlsx,LAB / CHEMISTRY,LabChemistry,Within Exp Date; drum; Order; 1/2 box; box/100; 3 Drums; Min on hand; Actual on Hand; GardocleanS5176; Unit of Measure; Weight dishes - 17805T64,"NEW lab.BathAnalysis (PlantId, LineId, TankId, SampleDateTime, ParameterId, ResultValue, SpecMin, SpecMax, ActionTaken, VerifiedBy)",NEW,Lab / Bath Chemistry Entry
8.2.1.2 ECoat Line Forms/Edit PB Ratio.xlsx,LAB / CHEMISTRY,LabChemistry,Jun; Stage; Ecoat; % NV :; Month:; Product:; Tank # :; Parameter; Dish Sample; 17.0-21.0 Target- 19,"NEW lab.BathAnalysis (PlantId, LineId, TankId, SampleDateTime, ParameterId, ResultValue, SpecMin, SpecMax, ActionTaken, VerifiedBy)",NEW,Lab / Bath Chemistry Entry
8.2.1.3 Inspection and Testing Forms and Labels/8.2.1.3.1 General/8.2.1.3.1.1 Powder Unload Sheet.xlsx,PRODUCTION TRACKING,ProductionRun,Operator Initials; Initials; Customer; UNLOAD SHEET; Shift (M/D/A); Time Stopped:; Time Restart:; # Of Parts Packed; POWDER UNLOAD SHEET; Part # (or Description); Reason; Approval Tag #,"NEW production.ProductionRun (PlantId, ProductionLineId, StartTime, EndTime, CustomerId, PartId, LotNumber, LoadBarId/RackId, ShiftId, OperatorUserId, QuantityLoaded, QuantityUnloaded)",NEW,Production Run / Load Tracking
8.2.1.3 Inspection and Testing Forms and Labels/8.2.1.3.1 General/8.2.1.3.1.10 Certification Labels.docx,PACKAGING / SHIPPING,PackagingHold,CERTIFIED; CERTIFIED  DATE; DATE; OPERATOR; PART; REASON,"NEW shipping.ShipmentRelease (PlantId, CustomerId, PartId, LotNumber, ReleaseStatus, CustomerApprovalRequired, CustomerApprovalReceivedDate, LinkedNcrId) + label templates",NEW,Packaging / Labels / Ship-Release
8.2.1.3 Inspection and Testing Forms and Labels/8.2.1.3.1 General/8.2.1.3.1.11 Blank GP 12 Testing Form.xlsx,GP-12 / CONTAINMENT,NcrContainmentAction,Customer:; Paint Date; Date Audit; PART NUMBER:; Bad Quantity; Good Quantity; Auditor initials; Reason; GP12 INSPECTION FORM; Select Finishing Approved Tag #; RECORD TOTAL QTY Audited PER TAG/BIN,"quality.NcrContainmentAction (ContainmentTypeId, HoldLocation, QuantityContained, CompletedBy, CompletedDate) + link to quality.NonConformanceReport",EXISTING,GP-12 / Containment Tracking
8.2.1.3 Inspection and Testing Forms and Labels/8.2.1.3.1 General/8.2.1.3.1.12 Needs GP12 Tags.docx,GP-12 / CONTAINMENT,NcrContainmentAction,UNKNOWN,"quality.NcrContainmentAction (ContainmentTypeId, HoldLocation, QuantityContained, CompletedBy, CompletedDate) + link to quality.NonConformanceReport",EXISTING,GP-12 / Containment Tracking
8.2.1.3 Inspection and Testing Forms and Labels/8.2.1.3.1 General/8.2.1.3.1.13 GP12 Flow.docx,GP-12 / CONTAINMENT,NcrContainmentAction,CUSTOMER; PART; VERIFY,"quality.NcrContainmentAction (ContainmentTypeId, HoldLocation, QuantityContained, CompletedBy, CompletedDate) + link to quality.NonConformanceReport",EXISTING,GP-12 / Containment Tracking
8.2.1.3 Inspection and Testing Forms and Labels/8.2.1.3.1 General/8.2.1.3.1.14 Certification Log.xlsx,PACKAGING / SHIPPING,PackagingHold,Quantity Rejected; Part#; Date:; Time Started; Time Finished; Original Quantity; Auditing Operator; Quantity Acceptable; Reason for Rejection; Number of operators sorting; Approval Tag #; Certification Log,"NEW shipping.ShipmentRelease (PlantId, CustomerId, PartId, LotNumber, ReleaseStatus, CustomerApprovalRequired, CustomerApprovalReceivedDate, LinkedNcrId) + label templates",NEW,Packaging / Labels / Ship-Release
8.2.1.3 Inspection and Testing Forms and Labels/8.2.1.3.1 General/8.2.1.3.1.15 Verified Certified Label.docx,PACKAGING / SHIPPING,PackagingHold,CERTIFIED; CERTIFIED  DATE; DATE; OPERATOR; PART; REASON; VERIFIED BY,"NEW shipping.ShipmentRelease (PlantId, CustomerId, PartId, LotNumber, ReleaseStatus, CustomerApprovalRequired, CustomerApprovalReceivedDate, LinkedNcrId) + label templates",NEW,Packaging / Labels / Ship-Release
8.2.1.3 Inspection and Testing Forms and Labels/8.2.1.3.1 General/8.2.1.3.1.16 Raw Traceability Form.xlsx,LAB / CHEMISTRY,LabChemistry,Part#; Date:; Initials; Customer; Quantity; Shift (M/D/A); Line; Serial #; Raw Traceability Form,"NEW lab.BathAnalysis (PlantId, LineId, TankId, SampleDateTime, ParameterId, ResultValue, SpecMin, SpecMax, ActionTaken, VerifiedBy)",NEW,Lab / Bath Chemistry Entry
8.2.1.3 Inspection and Testing Forms and Labels/8.2.1.3.1 General/8.2.1.3.1.17 Trial Inspection Form.xlsx,QUALITY INSPECTION,Inspection,Date; Customer; Cure Setting; Film Thickness recommended Thickness; Sample 7; Sample 2; Sample 3; Sample 1; Sample 9; Sample 5; Sample 8; Sample 4; Sample 6; Sample 10; Program/ Material; SAMPLE TRIAL DATA,"NEW inspection.InspectionRecord (PlantId, LineTypeId, CustomerId, PartId, LotNumber, InspectionDateTime, ShiftId, InspectorUserId, QuantityInspected, QuantityRejected) + NEW inspection.InspectionDefect (DefectTypeId, Count, LocationCode/Notes)",NEW,Inspection & Defect Entry
8.2.1.3 Inspection and Testing Forms and Labels/8.2.1.3.1 General/8.2.1.3.1.18 Serial number tracebility.xlsx,LAB / CHEMISTRY,LabChemistry,Date; Part #; Initials; Customer; Saved; Last Serial # printed; SERIAL NUMBER TRACEABILITY,"NEW lab.BathAnalysis (PlantId, LineId, TankId, SampleDateTime, ParameterId, ResultValue, SpecMin, SpecMax, ActionTaken, VerifiedBy)",NEW,Lab / Bath Chemistry Entry
8.2.1.3 Inspection and Testing Forms and Labels/8.2.1.3.1 General/8.2.1.3.1.19 E-Coat Crash Report- Supervisor.xlsx,NCR / DISPOSITION,NCR,Date Revised:; Date Created: 04/25/2025; Process Information; Standardized Report; Product Line: E-Coat; Created by: Maitrik Sheth,"quality.NonConformanceReport.* (Description, QuantityAffected/Rejected/Inspected, DefectTypeId, CustomerId, PartId, LotNumber, DispositionCodeId) + quality.NcrDisposition + workflow.ActionItem (containment/investigation tasks)",EXISTING,NCR Intake / Disposition
8.2.1.3 Inspection and Testing Forms and Labels/8.2.1.3.1 General/8.2.1.3.1.2 Ecoat Unload Sheet.xlsx,PRODUCTION TRACKING,ProductionRun,Operator Initials; # Of Parts Scrapped; Initials; Customer; Shift (M/D/A); Time Stopped:; Time Restart:; # Of Parts Packed; ECOAT UNLOAD SHEET; Part # (or Description); Reason; Verified by; Approval Tag #,"NEW production.ProductionRun (PlantId, ProductionLineId, StartTime, EndTime, CustomerId, PartId, LotNumber, LoadBarId/RackId, ShiftId, OperatorUserId, QuantityLoaded, QuantityUnloaded)",NEW,Production Run / Load Tracking
8.2.1.3 Inspection and Testing Forms and Labels/8.2.1.3.1 General/8.2.1.3.1.20 E-Coat Crash Report- Techs.xlsx,NCR / DISPOSITION,NCR,Date Revised:; Date Created: 04/25/2025; Process Information; Standardized Report; Product Line: E-Coat; Created by: Maitrik Sheth,"quality.NonConformanceReport.* (Description, QuantityAffected/Rejected/Inspected, DefectTypeId, CustomerId, PartId, LotNumber, DispositionCodeId) + quality.NcrDisposition + workflow.ActionItem (containment/investigation tasks)",EXISTING,NCR Intake / Disposition
8.2.1.3 Inspection and Testing Forms and Labels/8.2.1.3.1 General/8.2.1.3.1.3 Offline Unload Sheet.xls,PRODUCTION TRACKING,ProductionRun,UNKNOWN,"NEW production.ProductionRun (PlantId, ProductionLineId, StartTime, EndTime, CustomerId, PartId, LotNumber, LoadBarId/RackId, ShiftId, OperatorUserId, QuantityLoaded, QuantityUnloaded)",NEW,Production Run / Load Tracking
8.2.1.3 Inspection and Testing Forms and Labels/8.2.1.3.1 General/8.2.1.3.1.4 Powder General Inspection and Testing.xlsx,QUALITY INSPECTION,Inspection,"DATE:; Operator ID; Shift (M/D/A); Part # / Description; Colour; Accept? Yes/No; Sample 1 (East); Sample 2 (West); Sample 3 (East); Sample 4 (West); Sample 5 (East); Paint Coverage ü; Visual Inspection; Hardness ü see 8.3.1.14.60; Solvent Rub ü see 8.3.1.14.5; Gloss if req, see 8.3.1.2.2.13; Adhesion (Cross hatch) ü See8.3.1.14.6 and 7","NEW inspection.InspectionRecord (PlantId, LineTypeId, CustomerId, PartId, LotNumber, InspectionDateTime, ShiftId, InspectorUserId, QuantityInspected, QuantityRejected) + NEW inspection.InspectionDefect (DefectTypeId, Count, LocationCode/Notes)",NEW,Inspection & Defect Entry
8.2.1.3 Inspection and Testing Forms and Labels/8.2.1.3.1 General/8.2.1.3.1.5 Powder Defect Tracking Sheet.xlsx,DEFECT TRACKING,Inspection,UNLOAD DEFECT TRACKING SHEET; Operator Initials; DATE:; Customer; Build Up; Scrapped; Shift (M/D/A); Sent To Rework; Other (Define Defect); Part # (or Description); Rust; Water; Debris; Hook Mark; Orange Peel; Contamination; Light Coverage; Repaired @ Line; Back Ionization; Paint in Threads; Damaged (Scratched),"NEW inspection.InspectionRecord (PlantId, LineTypeId, CustomerId, PartId, LotNumber, InspectionDateTime, ShiftId, InspectorUserId, QuantityInspected, QuantityRejected) + NEW inspection.InspectionDefect (DefectTypeId, Count, LocationCode/Notes)",NEW,Inspection & Defect Entry
8.2.1.3 Inspection and Testing Forms and Labels/8.2.1.3.1 General/8.2.1.3.1.6 Ecoat Inspection and Testing at Unload.xlsx,QUALITY INSPECTION,Inspection,"Customer; Part Number; Operator ID; Shift (M/D/A); Sample 2; Sample 3; Sample 1; Sample 5; Sample 4; Visual Inspection PERFORM ON PART; Accept? Yes/No; Inspection & Test at Unload ECOAT LINE; Solvent Rub ASTM4752, perform test on part, see 8.3.1.14.5","NEW inspection.InspectionRecord (PlantId, LineTypeId, CustomerId, PartId, LotNumber, InspectionDateTime, ShiftId, InspectorUserId, QuantityInspected, QuantityRejected) + NEW inspection.InspectionDefect (DefectTypeId, Count, LocationCode/Notes)",NEW,Inspection & Defect Entry
8.2.1.3 Inspection and Testing Forms and Labels/8.2.1.3.1 General/8.2.1.3.1.7 Ecoat Defect Tracking.xlsx,DEFECT TRACKING,Inspection,UNLOAD DEFECT TRACKING SHEET; Operator Initials; DATE:; Customer; Build Up; Scrapped; Bare Metal; Shift (M/D/A); Sent To Rework; Other (Define Defect); Part # (or Description); Rust; Bubbles; Paint Runs; Rough Spots; Water Spots; Light Coverage; Repaired @ Line; Damaged (Scratched),"NEW inspection.InspectionRecord (PlantId, LineTypeId, CustomerId, PartId, LotNumber, InspectionDateTime, ShiftId, InspectorUserId, QuantityInspected, QuantityRejected) + NEW inspection.InspectionDefect (DefectTypeId, Count, LocationCode/Notes)",NEW,Inspection & Defect Entry
8.2.1.3 Inspection and Testing Forms and Labels/8.2.1.3.1 General/8.2.1.3.1.8 E-Coat Weight Count Form.xlsx,PRODUCTION TRACKING,ProductionRun,Part no:; Bin no:; Weight Count Form,"NEW production.ProductionRun (PlantId, ProductionLineId, StartTime, EndTime, CustomerId, PartId, LotNumber, LoadBarId/RackId, ShiftId, OperatorUserId, QuantityLoaded, QuantityUnloaded)",NEW,Production Run / Load Tracking
8.2.1.3 Inspection and Testing Forms and Labels/8.2.1.3.1 General/8.2.1.3.1.9 E-coat bulk Packaging Tracker.xlsx,PACKAGING / SHIPPING,PackagingHold,Date; Part#; Customer; Quantity; Weight/part; Bin no.; E-COAT BULK PACKAGING TRACKER; Tare Weight; Gross Bin Wt.; Approval Tag#,"NEW shipping.ShipmentRelease (PlantId, CustomerId, PartId, LotNumber, ReleaseStatus, CustomerApprovalRequired, CustomerApprovalReceivedDate, LinkedNcrId) + label templates",NEW,Packaging / Labels / Ship-Release
8.2.1.3 Inspection and Testing Forms and Labels/8.2.1.3.10 GreenBlue/8.2.1.3.10.1 GreenBlue Defect Tracking Powder.xlsx,DEFECT TRACKING,Inspection,Operator Initials; DATE:; Shift; Build Up; Down Time:; Part Number; Total Reject; Sent To Rework; Record Number of parts that were rejected for each defect; Other (Define Defect); Why?; Rust; Water; Debris; Hook Mark; Orange Peel; Total Packed; Contamination; Total Loaded (get from Load Sheet); Light Coverage; Repaired @ Line; Back Ionization; Paint in Threads; Damaged (Scratched),"NEW inspection.InspectionRecord (PlantId, LineTypeId, CustomerId, PartId, LotNumber, InspectionDateTime, ShiftId, InspectorUserId, QuantityInspected, QuantityRejected) + NEW inspection.InspectionDefect (DefectTypeId, Count, LocationCode/Notes)",NEW,Inspection & Defect Entry
8.2.1.3 Inspection and Testing Forms and Labels/8.2.1.3.10 GreenBlue/8.2.1.3.10.2 GreenBlue General Inspect and Test.xlsx,LAB / CHEMISTRY,LabChemistry,Operator ID; Part # / Description; Sample 2; Sample 3; Sample 1; Sample 5; Sample 4; Accept? Yes/No; INSPECT AND TEST FOR GreenBlue; Pencil Hardness Test at start of run and color change,"NEW lab.BathAnalysis (PlantId, LineId, TankId, SampleDateTime, ParameterId, ResultValue, SpecMin, SpecMax, ActionTaken, VerifiedBy)",NEW,Lab / Bath Chemistry Entry
8.2.1.3 Inspection and Testing Forms and Labels/8.2.1.3.19 Multimatic/8.2.1.3.19.4 Multimatic Bronco Inspect and Test Report.xlsx,LAB / CHEMISTRY,LabChemistry,Part #; Part Name; Paint Date:; Operator ID; Sample 2; Sample 3; Sample 1; Sample 5; Sample 4; Accept? Yes/No; PPG-Carbon SMOOTH BLACK; TCI-Carbon TEXTURE BLACK,"NEW lab.BathAnalysis (PlantId, LineId, TankId, SampleDateTime, ParameterId, ResultValue, SpecMin, SpecMax, ActionTaken, VerifiedBy)",NEW,Lab / Bath Chemistry Entry
8.2.1.3 Inspection and Testing Forms and Labels/8.2.1.3.19 Multimatic/8.2.1.3.19.5 Multimatic Bronco Run Report.xlsx,PRODUCTION TRACKING,ProductionRun,Operator Initials; Build Up; Part Name; Part Number; Total Reject; Shift (M/D/A); Sent To Rework; Other (Define Defect); Rust; Water; Debris; S3463840; S3463940; Hook Mark; Orange Peel; Total Packed; Contamination; Total Loaded (get from Load Sheet); Light Coverage; Repaired @ Line; Back Ionization; Damaged (Scratched); LEFT HAND INNER RAIL; RIGHT HAND INNER RAIL,"NEW production.ProductionRun (PlantId, ProductionLineId, StartTime, EndTime, CustomerId, PartId, LotNumber, LoadBarId/RackId, ShiftId, OperatorUserId, QuantityLoaded, QuantityUnloaded)",NEW,Production Run / Load Tracking
8.2.1.3 Inspection and Testing Forms and Labels/8.2.1.3.21 Presstran/8.2.1.3.21.1 Presstran Inspection Sheet.xlsx,QUALITY INSPECTION,Inspection,PART # 4412; PART # 3911; Paint Date:; PAINT DATE:; Shift (M/D/A); Inspection Date:; Material Defects; PART NUMBER 3909; Other (Define Defect); Bin #; Debris; Oil Spot; Paint in M4; Orange Peel; INSPECTORS:; Cap on Bolt; Paint in M6; Paint in M8; Water Marks; Contamination; Plug in Hole#3; Plug in Hole#4; Plug in Hole#2; Plug in Hole#1; Cap in Bolt #2,"NEW inspection.InspectionRecord (PlantId, LineTypeId, CustomerId, PartId, LotNumber, InspectionDateTime, ShiftId, InspectorUserId, QuantityInspected, QuantityRejected) + NEW inspection.InspectionDefect (DefectTypeId, Count, LocationCode/Notes)",NEW,Inspection & Defect Entry
8.2.1.3 Inspection and Testing Forms and Labels/8.2.1.3.21 Presstran/8.2.1.3.21.2 Presstran Defect Tracking Form.xlsx,DEFECT TRACKING,Inspection,Operator Initials; DATE:; Shift; Build Up; Down Time:; Part Number; Total Reject; Shift (M/D/A); Sent To Rework; Record Number of parts that were rejected for each defect; Other (Define Defect); Why?; Rust; Water; Debris; Hook Mark; Orange Peel; Total Packed; Contamination; Total Loaded (get from Load Sheet); Light Coverage; Repaired @ Line; Back Ionization; Paint in Threads; Damaged (Scratched),"NEW inspection.InspectionRecord (PlantId, LineTypeId, CustomerId, PartId, LotNumber, InspectionDateTime, ShiftId, InspectorUserId, QuantityInspected, QuantityRejected) + NEW inspection.InspectionDefect (DefectTypeId, Count, LocationCode/Notes)",NEW,Inspection & Defect Entry
8.2.1.3 Inspection and Testing Forms and Labels/8.2.1.3.21 Presstran/8.2.1.3.21.3 Presstran Inspect and Test Powder.xlsx,LAB / CHEMISTRY,LabChemistry,Operator ID; Shift (M/D/A); Part # / Description; Sample 2; Sample 3; Sample 1; Sample 5; Sample 4; Accept? Yes/No; INSPECT AND TEST FOR PRESSTRAN; Pencil Hardness Test at start of run,"NEW lab.BathAnalysis (PlantId, LineId, TankId, SampleDateTime, ParameterId, ResultValue, SpecMin, SpecMax, ActionTaken, VerifiedBy)",NEW,Lab / Bath Chemistry Entry
8.2.1.3 Inspection and Testing Forms and Labels/8.2.1.3.21 Presstran/8.2.1.3.21.5 GP12 PRESSTRAN.xlsx,GP-12 / CONTAINMENT,NcrContainmentAction,Rejected painted defect; Paint Date; Date Audit; Paint Date:; Defect Comments; PART NUMBER 3911; Material Defects; Auditor initials; PART NUMBER 3909; Inpsection Date:; Other (Define Defect); Parts Packed Correctly; Bin #; Debris; QTY Good; Oil Spot; Plug in M6; Packed By:; Plug in M8; Plug in M4; Paint in M4; Orange Peel; Cap on Bolt; Water spots; Qty Audited,"quality.NcrContainmentAction (ContainmentTypeId, HoldLocation, QuantityContained, CompletedBy, CompletedDate) + link to quality.NonConformanceReport",EXISTING,GP-12 / Containment Tracking
8.2.1.3 Inspection and Testing Forms and Labels/8.2.1.3.22 Rollstamp/8.2.1.3.22.1  Rollstamp Run Report.xlsx,PRODUCTION TRACKING,ProductionRun,Operator Initials; DATE:; Build Up; Down Time:; Part Number; Total Reject; Shift (M/D/A); Sent To Rework; Record Number of parts that were rejected for each defect; Other (Define Defect); Why?; Rust; Water; Debris; Hook Mark; Orange Peel; Total Packed; Contamination; Total Loaded (get from Load Sheet); Light Coverage; Repaired @ Line; Back Ionization; Paint in Threads; Damaged (Scratched),"NEW production.ProductionRun (PlantId, ProductionLineId, StartTime, EndTime, CustomerId, PartId, LotNumber, LoadBarId/RackId, ShiftId, OperatorUserId, QuantityLoaded, QuantityUnloaded)",NEW,Production Run / Load Tracking
8.2.1.3 Inspection and Testing Forms and Labels/8.2.1.3.22 Rollstamp/8.2.1.3.22.2 Rollstamp Inspect and Test.xlsx,LAB / CHEMISTRY,LabChemistry,Operator ID; Shift (M/D/A); Part # / Description; Sample 2; Sample 3; Sample 1; Sample 5; Sample 4; Accept? Yes/No; INSPECT AND TEST FOR ROLLSTAMP; Pencil Hardness Test at start of run and color change,"NEW lab.BathAnalysis (PlantId, LineId, TankId, SampleDateTime, ParameterId, ResultValue, SpecMin, SpecMax, ActionTaken, VerifiedBy)",NEW,Lab / Bath Chemistry Entry
8.2.1.3 Inspection and Testing Forms and Labels/8.2.1.3.24 Warren/8.2.1.3.24.1  Inspection and Testing Warren.xlsx,QUALITY INSPECTION,Inspection,Date:; Operator ID; Shift (M/D/A); A2; D2; A1; E1; E2; A3; A5; A4; D1; Datum B (I); Datum C (I); Slider Gauge; Accept? Yes/No; Pulley Hole 2 (IV); Pulley Hole 1 (IV); Screw Hole 2 (III); Screw Hole 1 Width (III); Screw Hole 1 Length (III); Guide Clip Opening 2 (VI); Guide Clip Opening 1 (VI),"NEW inspection.InspectionRecord (PlantId, LineTypeId, CustomerId, PartId, LotNumber, InspectionDateTime, ShiftId, InspectorUserId, QuantityInspected, QuantityRejected) + NEW inspection.InspectionDefect (DefectTypeId, Count, LocationCode/Notes)",NEW,Inspection & Defect Entry
8.2.1.3 Inspection and Testing Forms and Labels/8.2.1.3.24 Warren/8.2.1.3.24.3 Warren GP-12 Inspection Sheets.xlsx,QUALITY INSPECTION,Inspection,Paint Date:; Part # 61023-0000/1; Other (Define Defect); Bin #; Inspector; Approved Tag Number; Warren GP-12 Check Sheet; Touch Marks In Functional Areas as per 8.3.1.37.7; Missing Paint In Functional Areas as per 8.3.1.37.7,"NEW inspection.InspectionRecord (PlantId, LineTypeId, CustomerId, PartId, LotNumber, InspectionDateTime, ShiftId, InspectorUserId, QuantityInspected, QuantityRejected) + NEW inspection.InspectionDefect (DefectTypeId, Count, LocationCode/Notes)",NEW,Inspection & Defect Entry
8.2.1.3 Inspection and Testing Forms and Labels/8.2.1.3.24 Warren/8.2.1.3.24.4 Warren Load Sheet.xlsx,PRODUCTION TRACKING,ProductionRun,Reject Quantity; Operator Initials; Ending Load Bar in SKID; Starting Load Bar of SKID; Stop Time; Time Lost; Restart Time; Shift (M/D/A); Quantity on Tag; WARREN LOAD SHEET; Rejection Description; Part # (or Description); SKID #; Reason; Master Label Serial Number,"NEW production.ProductionRun (PlantId, ProductionLineId, StartTime, EndTime, CustomerId, PartId, LotNumber, LoadBarId/RackId, ShiftId, OperatorUserId, QuantityLoaded, QuantityUnloaded)",NEW,Production Run / Load Tracking
8.2.1.3 Inspection and Testing Forms and Labels/8.2.1.3.24 Warren/8.2.1.3.24.5 Warren Unload Sheet.xlsx,PRODUCTION TRACKING,ProductionRun,Rejected Parts; Operator Initials; Initials; Part Number; Shift (M/D/A); Time Stopped:; Time Restart:; # Of Parts Packed; WARREN UNLOAD SHEET; Skid #; Reason; Master Label #; Approval Tag #,"NEW production.ProductionRun (PlantId, ProductionLineId, StartTime, EndTime, CustomerId, PartId, LotNumber, LoadBarId/RackId, ShiftId, OperatorUserId, QuantityLoaded, QuantityUnloaded)",NEW,Production Run / Load Tracking
8.2.1.3 Inspection and Testing Forms and Labels/8.2.1.3.24 Warren/8.2.1.3.24.6  Warren Defect Tracking Sheet.xlsx,DEFECT TRACKING,Inspection,Operator Initials; Warren Defect Tracking; Part:; Date:; Reject Tag #; Dirt on Track; Reject Tag ID; Shift (M/D/A); Light Track @ Top; Other (Define Defect); Light Track a@ bottom; Heavy; Fish Eyes; 82454-103; Contamination; Dirt on Pully; Tight Clip Top; Tight Clip Bottom; Light Pulley @ top; Light Pulley @ Bottom,"NEW inspection.InspectionRecord (PlantId, LineTypeId, CustomerId, PartId, LotNumber, InspectionDateTime, ShiftId, InspectorUserId, QuantityInspected, QuantityRejected) + NEW inspection.InspectionDefect (DefectTypeId, Count, LocationCode/Notes)",NEW,Inspection & Defect Entry
8.2.1.3 Inspection and Testing Forms and Labels/8.2.1.3.25 JNM/8.2.1.3.25.1 Inspection and Test Log JNM.xlsx,QUALITY INSPECTION,Inspection,Part Name; Paint Date; Inspectors Initials; Comments; Pass/ Fail?; PPE REQUIRED:; Raw Inspection; Final Inspection; Average Coating Thickness (.59-1.37 mils); Tape Ahdesion Method B; (In Process Tag ) PO/Job #; INSPECTION AND TEST LOG JNM,"NEW inspection.InspectionRecord (PlantId, LineTypeId, CustomerId, PartId, LotNumber, InspectionDateTime, ShiftId, InspectorUserId, QuantityInspected, QuantityRejected) + NEW inspection.InspectionDefect (DefectTypeId, Count, LocationCode/Notes)",NEW,Inspection & Defect Entry
8.2.1.3 Inspection and Testing Forms and Labels/8.2.1.3.25 JNM/8.2.1.3.25.2 GP-12 STRAPS.xlsx,GP-12 / CONTAINMENT,NcrContainmentAction,Paint Date; Date Audit; EXTRA PARTS; Part Number; Paint Shift; PART NUMBER:; MISSING PARTS; Auditor initials; GP-12; BUBBLE S; HIT MARKS; QTY ON TAG; PACKED CORRECTLY; YP-04CFF YP-04CFG; Select Finishing Approved Tag #,"quality.NcrContainmentAction (ContainmentTypeId, HoldLocation, QuantityContained, CompletedBy, CompletedDate) + link to quality.NonConformanceReport",EXISTING,GP-12 / Containment Tracking
8.2.1.3 Inspection and Testing Forms and Labels/8.2.1.3.26 Polycon/8.2.1.3.26.1 Inspection and Test Log Polycon Tesla.xlsx,QUALITY INSPECTION,Inspection,Paint Date; Part Number; Inspectors Initials; Sample 2; Sample 3; Sample 1; Sample 5; Sample 4; ACCEPT Y/N?; PPE REQUIRED:; Visual Inspection PERFORM ON PART; Inspection and Testing Polycon,"NEW inspection.InspectionRecord (PlantId, LineTypeId, CustomerId, PartId, LotNumber, InspectionDateTime, ShiftId, InspectorUserId, QuantityInspected, QuantityRejected) + NEW inspection.InspectionDefect (DefectTypeId, Count, LocationCode/Notes)",NEW,Inspection & Defect Entry
8.2.1.3 Inspection and Testing Forms and Labels/8.2.1.3.26 Polycon/8.2.1.3.26.2 Polycon Ecoat Defect Tracking Sheet.xlsx,DEFECT TRACKING,Inspection,DATE:; Part #; Raw Defects; Shift (M/D/A); SUPPLIER DEFECTS; TOTAL SUPPLIER DEFECTS; Dent; Raw Incoming Part Number; Bent; GOOD; DIRT; Other; OTHER; Colour; Polycon; Scratches; Over Sand; TOTAL GOOD; Tool Marks; TOTAL BUFF; Description; Water Marks; Suface Scratches; REQUIRES TOUCH-UP,"NEW inspection.InspectionRecord (PlantId, LineTypeId, CustomerId, PartId, LotNumber, InspectionDateTime, ShiftId, InspectorUserId, QuantityInspected, QuantityRejected) + NEW inspection.InspectionDefect (DefectTypeId, Count, LocationCode/Notes)",NEW,Inspection & Defect Entry
8.2.1.3 Inspection and Testing Forms and Labels/8.2.1.3.26 Polycon/8.2.1.3.26.3 Polycon Powder Inspect and Test.xlsx,LAB / CHEMISTRY,LabChemistry,Operator ID; Shift (M/D/A); Part # / Description; Sample 2; Sample 3; Sample 1; Sample 5; Sample 4; Accept? Yes/No; INSPECT AND TEST FOR POLYCON; Pencil Hardness Test at start of run and color change,"NEW lab.BathAnalysis (PlantId, LineId, TankId, SampleDateTime, ParameterId, ResultValue, SpecMin, SpecMax, ActionTaken, VerifiedBy)",NEW,Lab / Bath Chemistry Entry
8.2.1.3 Inspection and Testing Forms and Labels/8.2.1.3.26 Polycon/8.2.1.3.26.4  Polycon Powder  Run Report.xlsx,PRODUCTION TRACKING,ProductionRun,Operator Initials; DATE:; Build Up; Down Time:; Part Number; Total Reject; Shift (M/D/A); Sent To Rework; Record Number of parts that were rejected for each defect; Other (Define Defect); Why?; Rust; Water; Debris; Hook Mark; Orange Peel; Total Packed; Contamination; Total Loaded (get from Load Sheet); Light Coverage; Repaired @ Line; Back Ionization; Paint in Threads; Damaged (Scratched),"NEW production.ProductionRun (PlantId, ProductionLineId, StartTime, EndTime, CustomerId, PartId, LotNumber, LoadBarId/RackId, ShiftId, OperatorUserId, QuantityLoaded, QuantityUnloaded)",NEW,Production Run / Load Tracking
8.2.1.3 Inspection and Testing Forms and Labels/8.2.1.3.3 ABM/8.2.1.3.3.1 Inspection and Test Record ABM.xlsx,QUALITY INSPECTION,Inspection,Date:; Operator ID; Shift (M/D/A); A2; D2; A1; E1; E2; A3; A5; A4; D1; Datum B; Datum C; Screw Hole 2; Pulley Hole 1; Pulley Hole 2; Accept? Yes/No; Screw Hole 1 Width; Screw Hole 1 Length; Guide Clip Opening 2; Guide Clip Opening 1,"NEW inspection.InspectionRecord (PlantId, LineTypeId, CustomerId, PartId, LotNumber, InspectionDateTime, ShiftId, InspectorUserId, QuantityInspected, QuantityRejected) + NEW inspection.InspectionDefect (DefectTypeId, Count, LocationCode/Notes)",NEW,Inspection & Defect Entry
8.2.1.3 Inspection and Testing Forms and Labels/8.2.1.3.3 ABM/8.2.1.3.3.3 ABM Load Sheet.xlsx,PRODUCTION TRACKING,ProductionRun,Reject Quantity; Operator Initials; Ending Load Bar in Bin; Starting Load Bar of Bin; Stop Time; Time Lost; Lot Number; Restart Time; Shift (M/D/A); ABM LOAD SHEET; Quantity on Tag; Rejection Description; Part # (or Description); BIN #; Reason,"NEW production.ProductionRun (PlantId, ProductionLineId, StartTime, EndTime, CustomerId, PartId, LotNumber, LoadBarId/RackId, ShiftId, OperatorUserId, QuantityLoaded, QuantityUnloaded)",NEW,Production Run / Load Tracking
8.2.1.3 Inspection and Testing Forms and Labels/8.2.1.3.3 ABM/8.2.1.3.3.4 ABM Unload Sheet.xlsx,PRODUCTION TRACKING,ProductionRun,Rejected Parts; Operator Initials; Lot #; Initials; Part Number; Shift (M/D/A); Time Stopped:; Time Restart:; ABM UNLOAD SHEET; # Of Parts Packed; Master Lot Number#; Skid #; Reason; Approval Tag #,"NEW production.ProductionRun (PlantId, ProductionLineId, StartTime, EndTime, CustomerId, PartId, LotNumber, LoadBarId/RackId, ShiftId, OperatorUserId, QuantityLoaded, QuantityUnloaded)",NEW,Production Run / Load Tracking
8.2.1.3 Inspection and Testing Forms and Labels/8.2.1.3.3 ABM/8.2.1.3.3.5 ABM Defect Tracking.xlsx,DEFECT TRACKING,Inspection,Operator Initials; Part Number; Dirt on Track; Shift (M/D/A); Material Defect; Return Tag Initial; OIL; bad; OLD; good; STUCK; Program; Hit Mark; Fisheyes; Comments; E31667-100; E31668-100; Heavy Paint; Return Tag #; Contamination; Dirt on Pulley; Light Coverage; Back Ionization; needs inpsection; Large Hook marks,"NEW inspection.InspectionRecord (PlantId, LineTypeId, CustomerId, PartId, LotNumber, InspectionDateTime, ShiftId, InspectorUserId, QuantityInspected, QuantityRejected) + NEW inspection.InspectionDefect (DefectTypeId, Count, LocationCode/Notes)",NEW,Inspection & Defect Entry
8.2.1.3 Inspection and Testing Forms and Labels/8.2.1.3.31 Ursa/8.2.1.3.31.1 Ursa Inspection Report.xlsx,QUALITY INSPECTION,Inspection,Date; Initials; # Bad Parts; Shift M/D/A; # Good Parts; Blobs; Boat #; Missing E-Coat; E-Coat on Base; URSA INSPECTION REPORT; URSA SECONDARYINSPECTION REPORT,"NEW inspection.InspectionRecord (PlantId, LineTypeId, CustomerId, PartId, LotNumber, InspectionDateTime, ShiftId, InspectorUserId, QuantityInspected, QuantityRejected) + NEW inspection.InspectionDefect (DefectTypeId, Count, LocationCode/Notes)",NEW,Inspection & Defect Entry
8.2.1.3 Inspection and Testing Forms and Labels/8.2.1.3.31 Ursa/8.2.1.3.31.2 URSA BOAT PM.xls,MAINTENANCE / PM,Maintenance,UNKNOWN,"NEW maintenance.MaintenanceLog (PlantId, EquipmentId, TaskId, PerformedDateTime, PerformedBy, VerifiedBy, Notes)",NEW,Maintenance / PM Log
8.2.1.3 Inspection and Testing Forms and Labels/8.2.1.3.32 Tiercon/8.2.1.3.32.1 TIERCON GP12.xlsx,GP-12 / CONTAINMENT,NcrContainmentAction,Paint Date; Part no.:-; Date Audit; BARE METAL; Paint Shift; MATERIAL DEFECTS; Auditor initials; BUBBLES; PAINT RUNS; DRIP MARKS; ROUGH SPOTS; OTHER DEFECTS (SPECIFY DEFECTS); WATER SPOTS; TIERCON GP12; LIGHT COVERAGE; Packed Correctly; Select Finishing Approved Tag #; RECORD TOTAL QTY Audited PER TAG/BIN,"quality.NcrContainmentAction (ContainmentTypeId, HoldLocation, QuantityContained, CompletedBy, CompletedDate) + link to quality.NonConformanceReport",EXISTING,GP-12 / Containment Tracking
8.2.1.3 Inspection and Testing Forms and Labels/8.2.1.3.32 Tiercon/8.2.1.3.32.2 Tiercon Wings labels.docx,PACKAGING / SHIPPING,PackagingHold,PART,"NEW shipping.ShipmentRelease (PlantId, CustomerId, PartId, LotNumber, ReleaseStatus, CustomerApprovalRequired, CustomerApprovalReceivedDate, LinkedNcrId) + label templates",NEW,Packaging / Labels / Ship-Release
8.2.1.3 Inspection and Testing Forms and Labels/8.2.1.3.34 GLDC/8.2.1.3.34.1 Great Lakes Die Cast 003601-30BL inpsection Record.xlsx,QUALITY INSPECTION,Inspection,Date; Crack; Lot #; Build Up; Paint Defect; Good; Dent; Sink; Gouge; Total; Flash; Other; Scratch; Misfill; Pin Push; Belt Mark; GLDC Telsa 003601-30BL Material Defect Record; GLDC Telsa 003601-30BL Inspection Record,"NEW inspection.InspectionRecord (PlantId, LineTypeId, CustomerId, PartId, LotNumber, InspectionDateTime, ShiftId, InspectorUserId, QuantityInspected, QuantityRejected) + NEW inspection.InspectionDefect (DefectTypeId, Count, LocationCode/Notes)",NEW,Inspection & Defect Entry
8.2.1.3 Inspection and Testing Forms and Labels/8.2.1.3.34 GLDC/ARCHIVE/Daily Inventory Report.08.20.2025.xlsx,PRODUCTION TRACKING,ProductionRun,lot; reject; tape test parts; to be inspected; FG; Raw; Shipped; In house,"NEW production.ProductionRun (PlantId, ProductionLineId, StartTime, EndTime, CustomerId, PartId, LotNumber, LoadBarId/RackId, ShiftId, OperatorUserId, QuantityLoaded, QuantityUnloaded)",NEW,Production Run / Load Tracking
8.2.1.3 Inspection and Testing Forms and Labels/8.2.1.3.34 GLDC/ARCHIVE/Daily Inventory Report.xlsx,PRODUCTION TRACKING,ProductionRun,lot; reject; tape test parts; to be inspected; FG; Raw; Shipped; In house,"NEW production.ProductionRun (PlantId, ProductionLineId, StartTime, EndTime, CustomerId, PartId, LotNumber, LoadBarId/RackId, ShiftId, OperatorUserId, QuantityLoaded, QuantityUnloaded)",NEW,Production Run / Load Tracking
8.2.1.3 Inspection and Testing Forms and Labels/8.2.1.3.34 GLDC/Daily Inventory Report 8.21.2025 - PRODUCTION.xlsx,PRODUCTION TRACKING,ProductionRun,"Lot #; TOTAL LOT#; FINISHED GOOD PARTIAL; P4; P2; P3; P1; REJECTED ADHESION FAILURE; SELECT NOTES DO NOT SHARE!; Shipped; STANDARD - REJECTED MATERIAL; RAW - OK; Priority; 8.25.2025; RAW REJECTED ( SHARPS + OTHER ); FINISHED GOOD; ECOATED INSPECTED NEEDS TAPE TEST; All pre inspected needs tape full.; ECOATED REJECTED ( SHARPS + OTHER ); ECOATED PENDING INSPECTION; ECOATED NEEDS FULL INSPECTION & TAPE TEST; E-Coated, needs inspection and tape pull test.; 112 PCS OK ? Not sure where inventory came from","NEW production.ProductionRun (PlantId, ProductionLineId, StartTime, EndTime, CustomerId, PartId, LotNumber, LoadBarId/RackId, ShiftId, OperatorUserId, QuantityLoaded, QuantityUnloaded)",NEW,Production Run / Load Tracking
8.2.1.3 Inspection and Testing Forms and Labels/8.2.1.3.34 GLDC/DAILY UPDATE 8.2.1.3.34.1 Great Lakes Die Cast 003601-30BL inpsection Record.xlsx,QUALITY INSPECTION,Inspection,Date:; Build Up; Lot Number; Total Reject; Paint Defect; Total Inspected; Dent; Sinks; Flash; Gouge; Scratch; Misfill; Pin Push; Belt Mark; Sharp Edge; Total Good; Record daily.; Adhesion Fail; GLDC Telsa 003601-30BL Inspection Record,"NEW inspection.InspectionRecord (PlantId, LineTypeId, CustomerId, PartId, LotNumber, InspectionDateTime, ShiftId, InspectorUserId, QuantityInspected, QuantityRejected) + NEW inspection.InspectionDefect (DefectTypeId, Count, LocationCode/Notes)",NEW,Inspection & Defect Entry
8.2.1.3 Inspection and Testing Forms and Labels/8.2.1.3.34 GLDC/Scanned Copies/Mar 11 2024 scrap.pdf,NCR / DISPOSITION,NCR,SCRAP,"quality.NonConformanceReport.* (Description, QuantityAffected/Rejected/Inspected, DefectTypeId, CustomerId, PartId, LotNumber, DispositionCodeId) + quality.NcrDisposition + workflow.ActionItem (containment/investigation tasks)",EXISTING,NCR Intake / Disposition
8.2.1.3 Inspection and Testing Forms and Labels/8.2.1.3.34 GLDC/Scanned Copies/Mar 7 2024.pdf,QUALITY INSPECTION,Inspection,UNKNOWN,"NEW inspection.InspectionRecord (PlantId, LineTypeId, CustomerId, PartId, LotNumber, InspectionDateTime, ShiftId, InspectorUserId, QuantityInspected, QuantityRejected) + NEW inspection.InspectionDefect (DefectTypeId, Count, LocationCode/Notes)",NEW,Inspection & Defect Entry
8.2.1.3 Inspection and Testing Forms and Labels/8.2.1.3.34 GLDC/Scanned Copies/March 15 2024_000.jpg,QUALITY INSPECTION,Inspection,UNKNOWN,"NEW inspection.InspectionRecord (PlantId, LineTypeId, CustomerId, PartId, LotNumber, InspectionDateTime, ShiftId, InspectorUserId, QuantityInspected, QuantityRejected) + NEW inspection.InspectionDefect (DefectTypeId, Count, LocationCode/Notes)",NEW,Inspection & Defect Entry
8.2.1.3 Inspection and Testing Forms and Labels/8.2.1.3.34 GLDC/Scanned Copies/March 15 2024_001.jpg,QUALITY INSPECTION,Inspection,UNKNOWN,"NEW inspection.InspectionRecord (PlantId, LineTypeId, CustomerId, PartId, LotNumber, InspectionDateTime, ShiftId, InspectorUserId, QuantityInspected, QuantityRejected) + NEW inspection.InspectionDefect (DefectTypeId, Count, LocationCode/Notes)",NEW,Inspection & Defect Entry
8.2.1.3 Inspection and Testing Forms and Labels/8.2.1.3.34 GLDC/Scanned Copies/March 15 2024_002.jpg,QUALITY INSPECTION,Inspection,UNKNOWN,"NEW inspection.InspectionRecord (PlantId, LineTypeId, CustomerId, PartId, LotNumber, InspectionDateTime, ShiftId, InspectorUserId, QuantityInspected, QuantityRejected) + NEW inspection.InspectionDefect (DefectTypeId, Count, LocationCode/Notes)",NEW,Inspection & Defect Entry
8.2.1.3 Inspection and Testing Forms and Labels/8.2.1.3.34 GLDC/Scanned Copies/March 15 2024_003.jpg,QUALITY INSPECTION,Inspection,UNKNOWN,"NEW inspection.InspectionRecord (PlantId, LineTypeId, CustomerId, PartId, LotNumber, InspectionDateTime, ShiftId, InspectorUserId, QuantityInspected, QuantityRejected) + NEW inspection.InspectionDefect (DefectTypeId, Count, LocationCode/Notes)",NEW,Inspection & Defect Entry
8.2.1.3 Inspection and Testing Forms and Labels/8.2.1.3.34 GLDC/Scanned Copies/March 15 2024_004.jpg,QUALITY INSPECTION,Inspection,UNKNOWN,"NEW inspection.InspectionRecord (PlantId, LineTypeId, CustomerId, PartId, LotNumber, InspectionDateTime, ShiftId, InspectorUserId, QuantityInspected, QuantityRejected) + NEW inspection.InspectionDefect (DefectTypeId, Count, LocationCode/Notes)",NEW,Inspection & Defect Entry
8.2.1.3 Inspection and Testing Forms and Labels/8.2.1.3.34 GLDC/Scanned Copies/March 15 2024_005.jpg,QUALITY INSPECTION,Inspection,UNKNOWN,"NEW inspection.InspectionRecord (PlantId, LineTypeId, CustomerId, PartId, LotNumber, InspectionDateTime, ShiftId, InspectorUserId, QuantityInspected, QuantityRejected) + NEW inspection.InspectionDefect (DefectTypeId, Count, LocationCode/Notes)",NEW,Inspection & Defect Entry
8.2.1.3 Inspection and Testing Forms and Labels/8.2.1.3.34 GLDC/Scanned Copies/March 15 2024_006.jpg,QUALITY INSPECTION,Inspection,UNKNOWN,"NEW inspection.InspectionRecord (PlantId, LineTypeId, CustomerId, PartId, LotNumber, InspectionDateTime, ShiftId, InspectorUserId, QuantityInspected, QuantityRejected) + NEW inspection.InspectionDefect (DefectTypeId, Count, LocationCode/Notes)",NEW,Inspection & Defect Entry
8.2.1.3 Inspection and Testing Forms and Labels/8.2.1.3.34 GLDC/Scanned Copies/March 15 2024_007.jpg,QUALITY INSPECTION,Inspection,UNKNOWN,"NEW inspection.InspectionRecord (PlantId, LineTypeId, CustomerId, PartId, LotNumber, InspectionDateTime, ShiftId, InspectorUserId, QuantityInspected, QuantityRejected) + NEW inspection.InspectionDefect (DefectTypeId, Count, LocationCode/Notes)",NEW,Inspection & Defect Entry
8.2.1.3 Inspection and Testing Forms and Labels/8.2.1.3.34 GLDC/Scanned Copies/March 15 2024_008.jpg,QUALITY INSPECTION,Inspection,UNKNOWN,"NEW inspection.InspectionRecord (PlantId, LineTypeId, CustomerId, PartId, LotNumber, InspectionDateTime, ShiftId, InspectorUserId, QuantityInspected, QuantityRejected) + NEW inspection.InspectionDefect (DefectTypeId, Count, LocationCode/Notes)",NEW,Inspection & Defect Entry
8.2.1.3 Inspection and Testing Forms and Labels/8.2.1.3.35 JAC/8.2.1.3.35.1 Jac Products Inspection form.xlsx,QUALITY INSPECTION,Inspection,Date; DATE:; Date:; Operator ID; Shift (M/D/A); Part # / Description; Hole 2; Colour; Hole 3; Hole 1; Hole 4; Point 3; Point 1; Point 5; Point 2; Point 4; Accept? Yes/No; Sample 2 (West); Sample 3 (East); Sample 4 (West); Sample 5 (East); Sample 1 (East); Paint Coverage ü; Visual Inspection; Hardness ü see 8.3.1.14.60,"NEW inspection.InspectionRecord (PlantId, LineTypeId, CustomerId, PartId, LotNumber, InspectionDateTime, ShiftId, InspectorUserId, QuantityInspected, QuantityRejected) + NEW inspection.InspectionDefect (DefectTypeId, Count, LocationCode/Notes)",NEW,Inspection & Defect Entry
8.2.1.3 Inspection and Testing Forms and Labels/8.2.1.3.35 JAC/8.2.1.3.35.2 Jac GP12.xlsx,GP-12 / CONTAINMENT,NcrContainmentAction,Paint Date; Date Audit; Paint Shift; MATERIAL DEFECTS; Auditor initials; Part no.:- 310D 31068; Part no.:- 310D 31069; Part no.:- 311D 31042; Part no.:- 311D 31044; DIRT; BUBBLES; JAC GP12; HOOK MARKS; PAINT RUNS; WATER SPOTS; OTHER DEFECTS (SPECIFY DEFECTS); CONTAMINATION; LIGHT COVERAGE; Packed Correctly; Select Finishing Approved Tag #; RECORD TOTAL QTY Audited PER TAG/BIN,"quality.NcrContainmentAction (ContainmentTypeId, HoldLocation, QuantityContained, CompletedBy, CompletedDate) + link to quality.NonConformanceReport",EXISTING,GP-12 / Containment Tracking
8.2.1.3 Inspection and Testing Forms and Labels/8.2.1.3.35 JAC/8.2.1.3.35.3 Jac Defect tracking sheet.xlsx,DEFECT TRACKING,Inspection,JAC UNLOAD DEFECT TRACKING SHEET; Operator Initials; DATE:; Build Up; Scrapped; Paint Date; Date Audit; Part Number; Paint Shift; Total Reject; Shift (M/D/A); Sent To Rework; MATERIAL DEFECTS; Auditor initials; Material defects; Part no.:- 310D 31068; Part no.:- 310D 31069; Part no.:- 311D 31042; Other (Define Defect); DIRT; Rust; Water; Debris; BUBBLES; Program,"NEW inspection.InspectionRecord (PlantId, LineTypeId, CustomerId, PartId, LotNumber, InspectionDateTime, ShiftId, InspectorUserId, QuantityInspected, QuantityRejected) + NEW inspection.InspectionDefect (DefectTypeId, Count, LocationCode/Notes)",NEW,Inspection & Defect Entry
8.2.1.3 Inspection and Testing Forms and Labels/8.2.1.3.36 MSSC/8.2.1.3.36.1 MSSC assembly Inspection and Testing.xlsx,QUALITY INSPECTION,Inspection,DATE: RACK NO:; Parts; Operator ID; Shift (M/D/A); Part # / Description; Colour; Accept? Yes/No; Sample 1 (East); Sample 2 (West); Sample 3 (East); Sample 4 (West); Sample 5 (East); Paint Coverage ü; Visual Inspection; Hardness ü see 8.3.1.14.60; Solvent Rub ü see 8.3.1.14.5; Adhesion (X-Cut) ✓ See8.3.1.14.6 and 7; Modified Impact Resistance and Adhesion test✓ see 8.3.1.41.7,"NEW inspection.InspectionRecord (PlantId, LineTypeId, CustomerId, PartId, LotNumber, InspectionDateTime, ShiftId, InspectorUserId, QuantityInspected, QuantityRejected) + NEW inspection.InspectionDefect (DefectTypeId, Count, LocationCode/Notes)",NEW,Inspection & Defect Entry
8.2.1.3 Inspection and Testing Forms and Labels/8.2.1.3.36 MSSC/8.2.1.3.36.2 MSSC powderline offline Inspection and Testing.xlsx,QUALITY INSPECTION,Inspection,DATE:; Operator ID; Shift (M/D/A); Part # / Description; Colour; Sample2; Sample3; Sample4; Sample5; Sample1; Accept? Yes/No; Paint Coverage ü; Visual Inspection; Hardness ü see 8.3.1.14.60; Acetone Solvent Rub ü see 8.3.1.14.5; Adhesion (Cross hatch) ü See8.3.1.14.6 and 7,"NEW inspection.InspectionRecord (PlantId, LineTypeId, CustomerId, PartId, LotNumber, InspectionDateTime, ShiftId, InspectorUserId, QuantityInspected, QuantityRejected) + NEW inspection.InspectionDefect (DefectTypeId, Count, LocationCode/Notes)",NEW,Inspection & Defect Entry
8.2.1.3 Inspection and Testing Forms and Labels/8.2.1.3.36 MSSC/8.2.1.3.36.3 MSSC Powderline Offline  Defect Tracking Sheet.xlsx,DEFECT TRACKING,Inspection,MSSC UNLOAD DEFECT TRACKING SHEET; Operator Initials; DATE:; Customer; Build Up; Scrapped; Shift (M/D/A); Sent To Rework; Other (Define Defect); Part # (or Description); Rust; Water; Debris; Hook Mark; Orange Peel; Contamination; Light Coverage; Repaired @ Line; Back Ionization; Paint in Threads; Damaged (Scratched),"NEW inspection.InspectionRecord (PlantId, LineTypeId, CustomerId, PartId, LotNumber, InspectionDateTime, ShiftId, InspectorUserId, QuantityInspected, QuantityRejected) + NEW inspection.InspectionDefect (DefectTypeId, Count, LocationCode/Notes)",NEW,Inspection & Defect Entry
8.2.1.3 Inspection and Testing Forms and Labels/8.2.1.3.37 Takumi/8.2.1.3.37.1 TAKUMI GP-12.xlsx,GP-12 / CONTAINMENT,NcrContainmentAction,Defective Quantity; Bent Part; Date Audit; Part Number; Ecoat Defect; Paint Rework; Missing Parts; Defect Category; Excessive Parts; Defect_Category; Auditor Initials; Packaging Defect; Defect Subcategory; Defect_Subcategory; Any New Defect Not Listed; Skid #; Hook Mark; Touch Mark; Total Quantiy; Excessive E-coat; Excessive E-Coat; Improper Packaging; Brown / Faded E-coat; Hole Damage/Deformed Hole; Select Finishing Approved Tag #,"quality.NcrContainmentAction (ContainmentTypeId, HoldLocation, QuantityContained, CompletedBy, CompletedDate) + link to quality.NonConformanceReport",EXISTING,GP-12 / Containment Tracking
8.2.1.3 Inspection and Testing Forms and Labels/8.2.1.3.37 Takumi/8.2.1.3.37.2 TAKUMI E-Coat Inspection.xlsx,QUALITY INSPECTION,Inspection,"DATE:; Part Number; Operator ID; Shift (M/D/A); Sample 2; Sample 3; Sample 1; Sample 5; Sample 4; Visual Inspection PERFORM ON PART; Accept? Yes/No; Solvent Rub ASTM4752, perform test on part, see 8.3.1.14.5","NEW inspection.InspectionRecord (PlantId, LineTypeId, CustomerId, PartId, LotNumber, InspectionDateTime, ShiftId, InspectorUserId, QuantityInspected, QuantityRejected) + NEW inspection.InspectionDefect (DefectTypeId, Count, LocationCode/Notes)",NEW,Inspection & Defect Entry
8.2.1.3 Inspection and Testing Forms and Labels/8.2.1.3.37 Takumi/8.2.1.3.37.3 Takumi Kanban Tracker.xlsx,LAB / CHEMISTRY,LabChemistry,Date; Notes; Part #; TAKUMI KANBAN TRACKER; Skid #; 16575-F0240; Number of Missing Kanban At Load; Number of Missing Kanban At Unload,"NEW lab.BathAnalysis (PlantId, LineId, TankId, SampleDateTime, ParameterId, ResultValue, SpecMin, SpecMax, ActionTaken, VerifiedBy)",NEW,Lab / Bath Chemistry Entry
8.2.1.3 Inspection and Testing Forms and Labels/8.2.1.3.38 Ultrafit/8.2.1.3.38.1 Ultrafit Inspect and Test.xlsx,LAB / CHEMISTRY,LabChemistry,Operator ID; Shift (M/D/A); Part # / Description; Sample 2; Sample 3; Sample 1; Sample 5; Sample 4; Accept? Yes/No; Visual Inspection; INSPECT AND TEST FOR ULTRAFIT,"NEW lab.BathAnalysis (PlantId, LineId, TankId, SampleDateTime, ParameterId, ResultValue, SpecMin, SpecMax, ActionTaken, VerifiedBy)",NEW,Lab / Bath Chemistry Entry
8.2.1.3 Inspection and Testing Forms and Labels/8.2.1.3.38 Ultrafit/8.2.1.3.38.2 Ultrafit Run Report.xlsx,PRODUCTION TRACKING,ProductionRun,Operator Initials; DATE:; Build Up; Down Time:; Part Number; Total Reject; Shift (M/D/A); Sent To Rework; Record Number of parts that were rejected for each defect; Other (Define Defect); Why?; Rust; Water; Debris; Hook Mark; Orange Peel; Total Packed; Contamination; Total Loaded (get from Load Sheet); Light Coverage; Repaired @ Line; Back Ionization; Damaged (Scratched); Missing Texture/Smooth,"NEW production.ProductionRun (PlantId, ProductionLineId, StartTime, EndTime, CustomerId, PartId, LotNumber, LoadBarId/RackId, ShiftId, OperatorUserId, QuantityLoaded, QuantityUnloaded)",NEW,Production Run / Load Tracking
8.2.1.3 Inspection and Testing Forms and Labels/8.2.1.3.39 Toyotetsu/8.2.1.3.39.1 Brake Pedal and Cowel Inspection Record.xlsx,QUALITY INSPECTION,Inspection,"Operator ID; Shift (M/D/A); Sample 2; Sample 3; Sample 1; Sample 5; Sample 4; Accept? Yes/No; Visual Inspection; Five readings from the part min 15 um , see map 8.3.1.53.6; Visual Inspection ; paint within boundary,","NEW inspection.InspectionRecord (PlantId, LineTypeId, CustomerId, PartId, LotNumber, InspectionDateTime, ShiftId, InspectorUserId, QuantityInspected, QuantityRejected) + NEW inspection.InspectionDefect (DefectTypeId, Count, LocationCode/Notes)",NEW,Inspection & Defect Entry
8.2.1.3 Inspection and Testing Forms and Labels/8.2.1.3.39 Toyotetsu/8.2.1.3.39.2 GP-12 forms cowl & pedal.xlsx,GP-12 / CONTAINMENT,NcrContainmentAction,check part for paint defects; PART NUMBER:; Auditor initials; Spot 4; Spot 1; Spot 3; Spot 7; Spot 8; Spot 6; Spot 2; Spot 5; Spot 9; Spot 13; Spot 12; Spot 10; Spot 11; 55704-0R080; Was part Scratched from tranpsort; inspect for seal along proper line,"quality.NcrContainmentAction (ContainmentTypeId, HoldLocation, QuantityContained, CompletedBy, CompletedDate) + link to quality.NonConformanceReport",EXISTING,GP-12 / Containment Tracking
8.2.1.3 Inspection and Testing Forms and Labels/8.2.1.3.39 Toyotetsu/8.2.1.3.39.3 Brake Pedal Inspection Report.xlsx,QUALITY INSPECTION,Inspection,Date; Initials; # Bad Parts; Shift M/D/A; # Good Parts; Boat #; # Rust; # Ecoat Over spec; # Ecoat Under Spec; Other (define with quantities); TOYOTETSU BRAKE PEDAL INSPECTION REPORT,"NEW inspection.InspectionRecord (PlantId, LineTypeId, CustomerId, PartId, LotNumber, InspectionDateTime, ShiftId, InspectorUserId, QuantityInspected, QuantityRejected) + NEW inspection.InspectionDefect (DefectTypeId, Count, LocationCode/Notes)",NEW,Inspection & Defect Entry
8.2.1.3 Inspection and Testing Forms and Labels/8.2.1.3.40 Accurate/8.2.1.3.40.1 Inspection & Testing Unload Accurate.xlsx,QUALITY INSPECTION,Inspection,DATE:; Operator ID; Shift (M/D/A); Part # / Description; READING #1; READING #3; READING #6; READING #2; READING #5; READING #4; Solvent Rub ✓; Adhesion test; Accept? Yes/No; Pencil Hardness; Paint Coverage ✓; Visual Inspection,"NEW inspection.InspectionRecord (PlantId, LineTypeId, CustomerId, PartId, LotNumber, InspectionDateTime, ShiftId, InspectorUserId, QuantityInspected, QuantityRejected) + NEW inspection.InspectionDefect (DefectTypeId, Count, LocationCode/Notes)",NEW,Inspection & Defect Entry
8.2.1.3 Inspection and Testing Forms and Labels/8.2.1.3.40 Accurate/8.2.1.3.40.2 Accurate Inspection defect tracking.xlsx,DEFECT TRACKING,Inspection,Part 1; Reject; Part #; Hit part; Part dropped; Part scratched; E13292 Bracket; External defects; Handling defects; Powder coat defects; Oil; Good; Fiber; BDA-029; Pinholes; Fish Eyes; Hook Mark; Touch Mark; Description; Orange peel; Heavy powder; Cluster of Dirt; Other defects (specify with counts); Lt. cov/ Dry spray; Discoloured dirt / spec,"NEW inspection.InspectionRecord (PlantId, LineTypeId, CustomerId, PartId, LotNumber, InspectionDateTime, ShiftId, InspectorUserId, QuantityInspected, QuantityRejected) + NEW inspection.InspectionDefect (DefectTypeId, Count, LocationCode/Notes)",NEW,Inspection & Defect Entry
8.2.1.3 Inspection and Testing Forms and Labels/8.2.1.3.6 AGS/8.2.1.3.6.1 AGS GM3000 Test Record.xlsx,LAB / CHEMISTRY,LabChemistry,Operator ID; Shift (M/D/A); LH; RH; Top; Bottom; Accept? Yes/No; Paint Coverage; Gloss 40-70 @60 Degrees 1 part per cycle of the line; Visual Inspection Colour first off; Solvent Rub ü ASTM 4752 on 1 panel per run; Adhesion (Cross hatch) ü ASTM 3359 on 1 panel per,"NEW lab.BathAnalysis (PlantId, LineId, TankId, SampleDateTime, ParameterId, ResultValue, SpecMin, SpecMax, ActionTaken, VerifiedBy)",NEW,Lab / Bath Chemistry Entry
8.2.1.3 Inspection and Testing Forms and Labels/8.2.1.3.6 AGS/8.2.1.3.6.10 AGS Hino Bumper Returns RMA form for racks.xlsx,LAB / CHEMISTRY,LabChemistry,Date; Sr No.; AGS Hino Bumper Part Number; Raw/Painted; Reason for Return; HINO BUMPERS FOR RETURN,"NEW lab.BathAnalysis (PlantId, LineId, TankId, SampleDateTime, ParameterId, ResultValue, SpecMin, SpecMax, ActionTaken, VerifiedBy)",NEW,Lab / Bath Chemistry Entry
8.2.1.3 Inspection and Testing Forms and Labels/8.2.1.3.6 AGS/8.2.1.3.6.11 Inspection & Testing Unload Hino 3 pc Bumpers.xlsx,QUALITY INSPECTION,Inspection,"DATE:; Operator ID; Shift (M/D/A); Part # / Description; Test; Gloss; Criteria; Adhesion; Equipment; READING #6; READING #5; READING #1; READING #3; READING #4; READING #2; Gloss meter; Accept? Yes/No; Pencil Hardness; Cross hatch tool; Visual Inspection; 1 part start of run min of 80 Degree TBD; Solvent Rub -8.3.1.14.5; Gloss 80 min, black and white; Colour Readings (delta 1.6) twice per shift - RM200QC; Adhesion (Cross hatch) 11 lines 2 mm apart - 8.3.1.14.7","NEW inspection.InspectionRecord (PlantId, LineTypeId, CustomerId, PartId, LotNumber, InspectionDateTime, ShiftId, InspectorUserId, QuantityInspected, QuantityRejected) + NEW inspection.InspectionDefect (DefectTypeId, Count, LocationCode/Notes)",NEW,Inspection & Defect Entry
8.2.1.3 Inspection and Testing Forms and Labels/8.2.1.3.6 AGS/8.2.1.3.6.12 Hino 3 pc Bumpers Inspection defect tracking.xlsx,DEFECT TRACKING,Inspection,Part 1; Reject; Part #; Hit part; Part dropped; Part scratched; External defects; Handling defects; Powder coat defects; Oil; Good; Fiber; HN050BAE; Pinholes; Fish Eyes; Hook Mark; Touch Mark; Description; Orange peel; CENTER BLACK; Heavy powder; Sanding marks; Cluster of Dirt; Other defects (specify with counts); Lt. cov/ Dry spray,"NEW inspection.InspectionRecord (PlantId, LineTypeId, CustomerId, PartId, LotNumber, InspectionDateTime, ShiftId, InspectorUserId, QuantityInspected, QuantityRejected) + NEW inspection.InspectionDefect (DefectTypeId, Count, LocationCode/Notes)",NEW,Inspection & Defect Entry
8.2.1.3 Inspection and Testing Forms and Labels/8.2.1.3.6 AGS/8.2.1.3.6.13 AGS 3 PC records/Boil test/01272026.jpeg,LAB / CHEMISTRY,LabChemistry,UNKNOWN,"NEW lab.BathAnalysis (PlantId, LineId, TankId, SampleDateTime, ParameterId, ResultValue, SpecMin, SpecMax, ActionTaken, VerifiedBy)",NEW,Lab / Bath Chemistry Entry
8.2.1.3 Inspection and Testing Forms and Labels/8.2.1.3.6 AGS/8.2.1.3.6.2 AGS Approach shield GP-12 form.xlsx,GP-12 / CONTAINMENT,NcrContainmentAction,Rejected painted defect; Paint Date; Date Audit; Paint Date:; Shift (M/D/A); Defect Comments; Material Defects; Auditor initials; Inpsection Date:; Other (Define Defect); Parts Packed Correctly; Quantity Packed Correct; Bin #; Debris; QTY Good; Oil Spot; GM3000AAA; Orange Peel; Qty Audited; Water Marks; Water spots; Bad Touch Ups; Contamination; Light Coverage; Qty to touch up,"quality.NcrContainmentAction (ContainmentTypeId, HoldLocation, QuantityContained, CompletedBy, CompletedDate) + link to quality.NonConformanceReport",EXISTING,GP-12 / Containment Tracking
8.2.1.3 Inspection and Testing Forms and Labels/8.2.1.3.6 AGS/8.2.1.3.6.3 Inspection & Testing Unload Hino Bumpers.xlsx,QUALITY INSPECTION,Inspection,"DATE:; Operator ID; Shift (M/D/A); Part # / Description; Colour; READING #1; READING #3; READING #6; READING #2; READING #5; READING #4; Accept? Yes/No; Pencil Hardness; Paint Coverage ✓; Visual Inspection; Gloss 85 min, black and white; Solvent Rub ✓ ASTM 4752 no paint loss; Adhesion (Cross hatch) ✓ ASTM 3359 no paint loss","NEW inspection.InspectionRecord (PlantId, LineTypeId, CustomerId, PartId, LotNumber, InspectionDateTime, ShiftId, InspectorUserId, QuantityInspected, QuantityRejected) + NEW inspection.InspectionDefect (DefectTypeId, Count, LocationCode/Notes)",NEW,Inspection & Defect Entry
8.2.1.3 Inspection and Testing Forms and Labels/8.2.1.3.6 AGS/8.2.1.3.6.4 AGS Hino Run Report.xlsx,PRODUCTION TRACKING,ProductionRun,Operator Initials; Build Up; Part Name; Part Number; Total Loaded; Total Reject; Shift (M/D/A); Other (Define Defect); Water; Heavy; Debris; HN041ABE; HN041ABF; HN040ABF; HN040ABE; Orange Peel; Total Packed; Contamination; Light Coverage; Back Ionization; Damaged (Scratched); Long Black With Holes; Long White With Holes; Short White With Holes; Short Black With Holes,"NEW production.ProductionRun (PlantId, ProductionLineId, StartTime, EndTime, CustomerId, PartId, LotNumber, LoadBarId/RackId, ShiftId, OperatorUserId, QuantityLoaded, QuantityUnloaded)",NEW,Production Run / Load Tracking
8.2.1.3 Inspection and Testing Forms and Labels/8.2.1.3.6 AGS/8.2.1.3.6.5 AGS E-COAT Only Test Report.xlsx,LAB / CHEMISTRY,LabChemistry,FILM THICKNESS MIN: 20 microns; PART NUMBER; Operator ID; STAMP ON PART; Shift (M/D/A); PART DESCRTION; LH; HDG; ADJUSTABLE BRACKET-T1 LH; FILM THICKNESS MIN: 16 microns MAX: 23 microns; Sample 3; Sample 4; Sample 6; Sample 1; Sample 2; Sample 5; SUBSTRATE; GM1125AAA; CRS-UNCOATED; Visual Inspection PERFORM ON PART; FC1120CBA-ECOA; Accept? Yes/No; JT FRT SKID PLTE BRKT RH,"NEW lab.BathAnalysis (PlantId, LineId, TankId, SampleDateTime, ParameterId, ResultValue, SpecMin, SpecMax, ActionTaken, VerifiedBy)",NEW,Lab / Bath Chemistry Entry
8.2.1.3 Inspection and Testing Forms and Labels/8.2.1.3.6 AGS/8.2.1.3.6.7 AGS Windsor GP-12 Form.xlsx,GP-12 / CONTAINMENT,NcrContainmentAction,Paint Date; Date Audit; EXTRA PARTS; Part Number; extra parts; Paint Shift; PART NUMBER:; missing parts; MISSING PARTS; Auditor initials; GP-12; BUBBLE S; HIT MARKS; QTY ON TAG; PACKED CORRECTLY; GM1130FCA GM1130GCA; CV2440FAA-ECOA/G-ECOA; GM2200-ECOA GM2200FAA-ECOA; Select Finishing Approved Tag #,"quality.NcrContainmentAction (ContainmentTypeId, HoldLocation, QuantityContained, CompletedBy, CompletedDate) + link to quality.NonConformanceReport",EXISTING,GP-12 / Containment Tracking
8.2.1.3 Inspection and Testing Forms and Labels/8.2.1.3.6 AGS/8.2.1.3.6.8 New Hino Bumpers Grid Template 1172024.xlsx,LAB / CHEMISTRY,LabChemistry,Date:; Time:; Part #:; Pinholes =PH; Line:; Dirt =D; Fiber =F; Lt.cov =LC; Fish eye =FE; DB =Dirt Black; Dry spray = DS; NSP- RW = NSP RW; Heavy Powder =HP; Sanding marks =SM; NSP= Ecoat =NSP EC; On line / Off Line; Handling Damage =HD; Cluster of Dirt =CD,"NEW lab.BathAnalysis (PlantId, LineId, TankId, SampleDateTime, ParameterId, ResultValue, SpecMin, SpecMax, ActionTaken, VerifiedBy)",NEW,Lab / Bath Chemistry Entry
8.2.1.3 Inspection and Testing Forms and Labels/8.2.1.3.6 AGS/8.2.1.3.6.9 Hino Bumpers Inspection GP12 data sheet 1162025.xlsx,QUALITY INSPECTION,Inspection,Part 1; Reject; Part #; FE; Good; T up; Fiber; Lt. cov; Hit mark; Dry spray; Off color; Dirt (Blk); NSP E-coat; Heavy powder; Cluster of Dirt; Handling damage; Remove old labels; HINO BUMPERS-GP12; Transfer all defects to Bumper Grid at proper location.,"NEW inspection.InspectionRecord (PlantId, LineTypeId, CustomerId, PartId, LotNumber, InspectionDateTime, ShiftId, InspectorUserId, QuantityInspected, QuantityRejected) + NEW inspection.InspectionDefect (DefectTypeId, Count, LocationCode/Notes)",NEW,Inspection & Defect Entry
