doc_number,filename,relative_path,extension,size_kb,category,has_macros
8.2.2.3.2.1,8.2.2.3.2.1 Rollstamp BMW G07 Inspection.xlsx,8.2.2.3 Production Forms by Customer\8.2.2.3.2 Rollstamp\8.2.2.3.2.1 Rollstamp BMW G07 Inspection.xlsx,.xlsx,15.2,inspection,no
8.2.2.3.3.2,8.2.2.3.3.2 Mytox Inspection.xls,8.2.2.3 Production Forms by Customer\8.2.2.3.3 Mytox\8.2.2.3.3.2 Mytox Inspection.xls,.xls,31.0,inspection,no
8.2.2.3.4.1,8.2.2.3.4.1 Laval Tool Inspection.xlsx,8.2.2.3 Production Forms by Customer\8.2.2.3.4 Laval Tool\8.2.2.3.4.1 Laval Tool Inspection.xlsx,.xlsx,16.0,inspection,no
8.2.2.3.4.2,8.2.2.3.4.2 Laval Tool Buff Inspection.xlsx,8.2.2.3 Production Forms by Customer\8.2.2.3.4 Laval Tool\8.2.2.3.4.2 Laval Tool Buff Inspection.xlsx,.xlsx,22.1,inspection,no
8.2.2.3.5.1,8.2.2.3.5.1 Metelix Inspection.xlsx,8.2.2.3 Production Forms by Customer\8.2.2.3.5 Metelix\8.2.2.3.5.1 Metelix Inspection.xlsx,.xlsx,25.4,inspection,no
8.2.2.3.5.2,8.2.2.3.5.2 Metelix Buff Inspection.xlsx,8.2.2.3 Production Forms by Customer\8.2.2.3.5 Metelix\8.2.2.3.5.2 Metelix Buff Inspection.xlsx,.xlsx,25.1,inspection,no
8.2.2.3.5.3,8.2.2.3.5.3 Metelix Moulding-Sanding Inspection.xlsx,8.2.2.3 Production Forms by Customer\8.2.2.3.5 Metelix\8.2.2.3.5.3 Metelix Moulding-Sanding Inspection.xlsx,.xlsx,24.6,inspection,no
8.2.2.3.5.4,8.2.2.3.5.4 Metelix Hummer Painted Inspection.xlsx,8.2.2.3 Production Forms by Customer\8.2.2.3.5 Metelix\8.2.2.3.5.4 Metelix Hummer Painted Inspection.xlsx,.xlsx,25.5,inspection,no
8.2.2.3.5.5,8.2.2.3.5.5 Metelix Hummer Spoiler Application Tracker.xlsx,8.2.2.3 Production Forms by Customer\8.2.2.3.5 Metelix\8.2.2.3.5.5 Metelix Hummer Spoiler Application Tracker.xlsx,.xlsx,27.1,other,no
8.2.2.3.5.6,8.2.2.3.5.6 Metelix Y2XX Highwing Painted Inspection.xlsx,8.2.2.3 Production Forms by Customer\8.2.2.3.5 Metelix\8.2.2.3.5.6 Metelix Y2XX Highwing Painted Inspection.xlsx,.xlsx,25.9,inspection,no
8.2.2.3.6.1,8.2.2.3.6.1 KB Components Inspection Sheet.xlsx,8.2.2.3 Production Forms by Customer\8.2.2.3.6 KB Components\8.2.2.3.6.1 KB Components Inspection Sheet.xlsx,.xlsx,15.6,inspection,no
8.2.2.3.6.2,8.2.2.3.6.2 KB Components Buffing Inspection Sheet.xlsx,8.2.2.3 Production Forms by Customer\8.2.2.3.6 KB Components\8.2.2.3.6.2 KB Components Buffing Inspection Sheet.xlsx,.xlsx,15.6,inspection,no
8.2.2.3.7.1,8.2.2.3.7.1 Tesla Buff Inspection.xlsx,8.2.2.3 Production Forms by Customer\8.2.2.3.7 Polycon\8.2.2.3.7.1 Tesla Buff Inspection.xlsx,.xlsx,16.6,inspection,no
8.2.2.3.7.2,8.2.2.3.7.2 Tesla Inspection.xlsx,8.2.2.3 Production Forms by Customer\8.2.2.3.7 Polycon\8.2.2.3.7.2 Tesla Inspection.xlsx,.xlsx,15.6,inspection,no
8.2.2.3.7.3,8.2.2.3.7.3 Tesla GP12 Inspection.xlsx,8.2.2.3 Production Forms by Customer\8.2.2.3.7 Polycon\8.2.2.3.7.3 Tesla GP12 Inspection.xlsx,.xlsx,15.2,inspection,no
8.2.2.2.16,8.2.2.2.16 Misc Customers.xls,8.2.2.3 Production Forms by Customer\Misc\8.2.2.2.16 Misc Customers.xls,.xls,38.0,other,no
8.2.2.4.1,8.2.2.4.1 P2 Receiving Log Blank Template.xlsx,8.2.2.4 Shipping Forms\8.2.2.4.1 P2 Receiving Log Blank Template.xlsx,.xlsx,306.6,packaging_shipping,no
8.2.2.4.11,8.2.2.4.11 Mytox Packslip Template.xlsx,8.2.2.4 Shipping Forms\8.2.2.4.11 Mytox Packslip Template.xlsx,.xlsx,37.4,packaging_shipping,no
8.2.2.4.12,8.2.2.4.12 Rollstamp BMW Packslip Template.xlsx,8.2.2.4 Shipping Forms\8.2.2.4.12 Rollstamp BMW Packslip Template.xlsx,.xlsx,33.5,packaging_shipping,no
8.2.2.4.14,8.2.2.4.14 Laval Tool Packslip Template.xlsx,8.2.2.4 Shipping Forms\8.2.2.4.14 Laval Tool Packslip Template.xlsx,.xlsx,30.2,packaging_shipping,no
8.2.2.4.17,8.2.2.4.17 KB Components Packslip Template.xls,8.2.2.4 Shipping Forms\8.2.2.4.17 KB Components Packslip Template.xls,.xls,139.0,packaging_shipping,no
8.2.2.4.18,8.2.2.4.18 Polycon Packslip Template.xlsx,8.2.2.4 Shipping Forms\8.2.2.4.18 Polycon Packslip Template.xlsx,.xlsx,35.0,packaging_shipping,no
8.2.2.4.19,8.2.2.4.19 Plant 2 Polycon Tracker Template.xlsx,8.2.2.4 Shipping Forms\8.2.2.4.19 Plant 2 Polycon Tracker Template.xlsx,.xlsx,151.3,packaging_shipping,no
8.2.2.4.2,8.2.2.4.2 P2 General Pack Slip Template.xls,8.2.2.4 Shipping Forms\8.2.2.4.2 P2 General Pack Slip Template.xls,.xls,141.0,packaging_shipping,no
8.2.2.4.20,8.2.2.4.20 Metelix Demand and Production Tracker Template.xlsx,8.2.2.4 Shipping Forms\8.2.2.4.20 Metelix Demand and Production Tracker Template.xlsx,.xlsx,599.2,packaging_shipping,no
8.2.2.4.21,8.2.2.4.21 Laval Tracker template.xlsx,8.2.2.4 Shipping Forms\8.2.2.4.21 Laval Tracker template.xlsx,.xlsx,179.1,packaging_shipping,no
8.2.2.4.22,8.2.2.4.22 KB Components Tracker - Template.xlsx,8.2.2.4 Shipping Forms\8.2.2.4.22 KB Components Tracker - Template.xlsx,.xlsx,74.2,document_control,no
8.2.2.4.3,8.2.2.4.3 P2 Daily Shipping Report Template.xlsx,8.2.2.4 Shipping Forms\8.2.2.4.3 P2 Daily Shipping Report Template.xlsx,.xlsx,117.6,packaging_shipping,no
8.2.2.4.4,8.2.2.4.4 P2 Monthly Totals Template.xlsx,8.2.2.4 Shipping Forms\8.2.2.4.4 P2 Monthly Totals Template.xlsx,.xlsx,30.4,packaging_shipping,no
8.2.2.4.5,8.2.2.4.5 P2 Monthly Delivery Performance Template .xlsx,8.2.2.4 Shipping Forms\8.2.2.4.5 P2 Monthly Delivery Performance Template .xlsx,.xlsx,182.5,packaging_shipping,no
8.2.2.4.9,8.2.2.4.9 Metelix Packslip Template.xlsx,8.2.2.4 Shipping Forms\8.2.2.4.9 Metelix Packslip Template.xlsx,.xlsx,35.3,packaging_shipping,no
