batch_order,relative_path,document_number,category,is_obsolete,file_type
1,8.2.2.3 Production Forms by Customer/Misc/8.2.2.2.16 Misc Customers.xls,8.2.2.2.16,QUALITY INSPECTION,False,xls
2,8.2.2.3 Production Forms by Customer/8.2.2.3.2 Rollstamp/8.2.2.3.2.1 Rollstamp BMW G07 Inspection.xlsx,8.2.2.3.2.1,QUALITY INSPECTION,False,xlsx
3,8.2.2.3 Production Forms by Customer/8.2.2.3.3 Mytox/8.2.2.3.3.2 Mytox Inspection.xls,8.2.2.3.3.2,QUALITY INSPECTION,False,xls
4,8.2.2.3 Production Forms by Customer/8.2.2.3.4 Laval Tool/8.2.2.3.4.1 Laval Tool Inspection.xlsx,8.2.2.3.4.1,QUALITY INSPECTION,False,xlsx
5,8.2.2.3 Production Forms by Customer/8.2.2.3.4 Laval Tool/8.2.2.3.4.2 Laval Tool Buff Inspection.xlsx,8.2.2.3.4.2,QUALITY INSPECTION,False,xlsx
6,8.2.2.3 Production Forms by Customer/8.2.2.3.5 Metelix/8.2.2.3.5.1 Metelix Inspection.xlsx,8.2.2.3.5.1,QUALITY INSPECTION,False,xlsx
7,8.2.2.3 Production Forms by Customer/8.2.2.3.5 Metelix/8.2.2.3.5.2 Metelix Buff Inspection.xlsx,8.2.2.3.5.2,QUALITY INSPECTION,False,xlsx
8,8.2.2.3 Production Forms by Customer/8.2.2.3.5 Metelix/8.2.2.3.5.3 Metelix Moulding-Sanding Inspection.xlsx,8.2.2.3.5.3,QUALITY INSPECTION,False,xlsx
9,8.2.2.3 Production Forms by Customer/8.2.2.3.5 Metelix/8.2.2.3.5.4 Metelix Hummer Painted Inspection.xlsx,8.2.2.3.5.4,QUALITY INSPECTION,False,xlsx
10,8.2.2.3 Production Forms by Customer/8.2.2.3.5 Metelix/8.2.2.3.5.6 Metelix Y2XX Highwing Painted Inspection.xlsx,8.2.2.3.5.6,QUALITY INSPECTION,False,xlsx
11,8.2.2.3 Production Forms by Customer/8.2.2.3.6 KB Components/8.2.2.3.6.1 KB Components Inspection Sheet.xlsx,8.2.2.3.6.1,QUALITY INSPECTION,False,xlsx
12,8.2.2.3 Production Forms by Customer/8.2.2.3.6 KB Components/8.2.2.3.6.2 KB Components Buffing Inspection Sheet.xlsx,8.2.2.3.6.2,QUALITY INSPECTION,False,xlsx
13,8.2.2.3 Production Forms by Customer/8.2.2.3.7 Polycon/8.2.2.3.7.1 Tesla Buff Inspection.xlsx,8.2.2.3.7.1,QUALITY INSPECTION,False,xlsx
14,8.2.2.3 Production Forms by Customer/8.2.2.3.7 Polycon/8.2.2.3.7.2 Tesla Inspection.xlsx,8.2.2.3.7.2,QUALITY INSPECTION,False,xlsx
15,8.2.2.12 Hold Tag.xlsx,8.2.2.12,NCR / DISPOSITION,False,xlsx
16,8.2.2.13 Hold For Review.xlsx,8.2.2.13,NCR / DISPOSITION,False,xlsx
17,8.2.2.33 Plant 2 Paint Trial Information Sheet.xlsx,8.2.2.33,NCR / DISPOSITION,False,xlsx
18,8.2.2.3 Production Forms by Customer/8.2.2.3.7 Polycon/8.2.2.3.7.3 Tesla GP12 Inspection.xlsx,8.2.2.3.7.3,GP-12 / CONTAINMENT,False,xlsx
19,8.2.2.1 Line 101-103 Operating Forms/8.2.2.1.11 103 Schedule Template.xlsx,8.2.2.1.11,PRODUCTION TRACKING,False,xlsx
20,8.2.2.1 Line 101-103 Operating Forms/8.2.2.1.18 Daily Paint Tally Sheet.xls,8.2.2.1.18,PRODUCTION TRACKING,False,xls
21,8.2.2.1 Line 101-103 Operating Forms/8.2.2.1.5 101-103 Daily Load Sheet.xlsx,8.2.2.1.5,PRODUCTION TRACKING,False,xlsx
22,8.2.2.1 Line 101-103 Operating Forms/8.2.2.1.6 101 Schedule Template.xlsx,8.2.2.1.6,PRODUCTION TRACKING,False,xlsx
23,8.2.2.1 Line 101-103 Operating Forms/8.2.2.1.9 Daily Down Time.xlsx,8.2.2.1.9,PRODUCTION TRACKING,False,xlsx
24,8.2.2.11 Finished GoodsPartial.xlsx,8.2.2.11,PRODUCTION TRACKING,False,xlsx
25,8.2.2.14 Partial Raw.xlsx,8.2.2.14,PRODUCTION TRACKING,False,xlsx
26,8.2.2.2 Line 102 Operating Forms/8.2.2.2.1 102 Line Paint Production Tracking.xlsx,8.2.2.2.1,PRODUCTION TRACKING,False,xlsx
27,8.2.2.2 Line 102 Operating Forms/8.2.2.2.3 102 Line Paint Schedule Template.xlsx,8.2.2.2.3,PRODUCTION TRACKING,False,xlsx
28,8.2.2.2 Line 102 Operating Forms/8.2.2.2.4 102 Line Loaded Parts Tracking.xlsx,8.2.2.2.4,PRODUCTION TRACKING,False,xlsx
29,8.2.2.22 Use Next.xlsx,8.2.2.22,PRODUCTION TRACKING,False,xlsx
30,8.2.2.28 Down time Tracking Template.xlsx,8.2.2.28,PRODUCTION TRACKING,False,xlsx
31,8.2.2.29 Daily Production Report Template.xlsx,8.2.2.29,PRODUCTION TRACKING,False,xlsx
32,8.2.2.3 Production Forms by Customer/8.2.2.3.5 Metelix/8.2.2.3.5.5 Metelix Hummer Spoiler Application Tracker.xlsx,8.2.2.3.5.5,PRODUCTION TRACKING,False,xlsx
33,8.2.2.31 Daily Hummer Sanding Tally Sheet.xlsx,8.2.2.31,PRODUCTION TRACKING,False,xlsx
34,8.2.2.7 Daily Sanding Tally Sheet.xlsx,8.2.2.7,PRODUCTION TRACKING,False,xlsx
35,8.2.2.8 Daily Buffing Tally Sheet.xlsx,8.2.2.8,PRODUCTION TRACKING,False,xlsx
36,8.2.2.9 Daily Deburring Tally Sheet.xlsx,8.2.2.9,PRODUCTION TRACKING,False,xlsx
37,8.2.2.1 Line 101-103 Operating Forms/8.2.2.1.16 Oven Verification Log.xls,8.2.2.1.16,PROCESS CONTROL,False,xls
38,8.2.2.2 Line 102 Operating Forms/8.2.2.2.6 Line 102 Programs.xlsx,8.2.2.2.6,PROCESS CONTROL,False,xlsx
39,8.2.2.2 Line 102 Operating Forms/8.2.2.2.7 102 Line Operating Form.xlsm,8.2.2.2.7,PROCESS CONTROL,False,xlsm
40,8.2.2.2 Line 102 Operating Forms/8.2.2.2.9 102 TPM Checklist.xlsx,8.2.2.2.9,PROCESS CONTROL,False,xlsx
41,8.2.2.24 Pressure Pot Label.xlsx,8.2.2.24,PROCESS CONTROL,False,xlsx
42,8.2.2.1 Line 101-103 Operating Forms/8.2.2.1.2 Paint Kitchen Temp Log.xls,8.2.2.1.2,LAB / CHEMISTRY,False,xls
43,8.2.2.23 Paint Mix Information Sheet.xlsx,8.2.2.23,LAB / CHEMISTRY,False,xlsx
44,8.2.2.25 Solvent Usage Tracking.xlsx,8.2.2.25,LAB / CHEMISTRY,False,xlsx
45,8.2.2.26 New Paint Batch Verification.xlsx,8.2.2.26,LAB / CHEMISTRY,False,xlsx
46,8.2.2.5 Paint Kitchen Inventory.xlsx,8.2.2.5,LAB / CHEMISTRY,False,xlsx
47,8.2.2.10 Sanded- Ready For Paint(Orange).xlsx,8.2.2.10,POST-PAINT OPERATIONS,False,xlsx
48,8.2.2.15 Rework- To Be Sanded.xlsx,8.2.2.15,POST-PAINT OPERATIONS,False,xlsx
49,8.2.2.16 To Be Buffed.xlsx,8.2.2.16,POST-PAINT OPERATIONS,False,xlsx
50,8.2.2.30 Buffing Summary Template.xlsx,8.2.2.30,POST-PAINT OPERATIONS,False,xlsx
51,8.2.2.2 Line 102 Operating Forms/8.2.2.2.17 Approved Tag Tracking.xlsx,8.2.2.2.17,PACKAGING / SHIPPING,False,xlsx
52,8.2.2.4 Shipping Forms/8.2.2.4.1 P2 Receiving Log Blank Template.xlsx,8.2.2.4.1,PACKAGING / SHIPPING,False,xlsx
53,8.2.2.4 Shipping Forms/8.2.2.4.11 Mytox Packslip Template.xlsx,8.2.2.4.11,PACKAGING / SHIPPING,False,xlsx
54,8.2.2.4 Shipping Forms/8.2.2.4.12 Rollstamp BMW Packslip Template.xlsx,8.2.2.4.12,PACKAGING / SHIPPING,False,xlsx
55,8.2.2.4 Shipping Forms/8.2.2.4.14 Laval Tool Packslip Template.xlsx,8.2.2.4.14,PACKAGING / SHIPPING,False,xlsx
56,8.2.2.4 Shipping Forms/8.2.2.4.17 KB Components Packslip Template.xls,8.2.2.4.17,PACKAGING / SHIPPING,False,xls
57,8.2.2.4 Shipping Forms/8.2.2.4.18 Polycon Packslip Template.xlsx,8.2.2.4.18,PACKAGING / SHIPPING,False,xlsx
58,8.2.2.4 Shipping Forms/8.2.2.4.19 Plant 2 Polycon Tracker Template.xlsx,8.2.2.4.19,PACKAGING / SHIPPING,False,xlsx
59,8.2.2.4 Shipping Forms/8.2.2.4.2 P2 General Pack Slip Template.xls,8.2.2.4.2,PACKAGING / SHIPPING,False,xls
60,8.2.2.4 Shipping Forms/8.2.2.4.20 Metelix Demand and Production Tracker Template.xlsx,8.2.2.4.20,PACKAGING / SHIPPING,False,xlsx
61,8.2.2.4 Shipping Forms/8.2.2.4.21 Laval Tracker template.xlsx,8.2.2.4.21,PACKAGING / SHIPPING,False,xlsx
62,8.2.2.4 Shipping Forms/8.2.2.4.22 KB Components Tracker - Template.xlsx,8.2.2.4.22,PACKAGING / SHIPPING,False,xlsx
63,8.2.2.4 Shipping Forms/8.2.2.4.3 P2 Daily Shipping Report Template.xlsx,8.2.2.4.3,PACKAGING / SHIPPING,False,xlsx
64,8.2.2.4 Shipping Forms/8.2.2.4.4 P2 Monthly Totals Template.xlsx,8.2.2.4.4,PACKAGING / SHIPPING,False,xlsx
65,8.2.2.4 Shipping Forms/8.2.2.4.5 P2 Monthly Delivery Performance Template .xlsx,8.2.2.4.5,PACKAGING / SHIPPING,False,xlsx
66,8.2.2.4 Shipping Forms/8.2.2.4.9 Metelix Packslip Template.xlsx,8.2.2.4.9,PACKAGING / SHIPPING,False,xlsx
67,8.2.2.1 Line 101-103 Operating Forms/8.2.2.1.10 Daily Painter Line Up.xlsx,8.2.2.1.10,SCHEDULING / LABOR,False,xlsx
68,8.2.2.1 Line 101-103 Operating Forms/8.2.2.1.7 Daily Painter Schedule.xlsx,8.2.2.1.7,SCHEDULING / LABOR,False,xlsx
69,8.2.2.17 Booth Sludge.xlsx,8.2.2.17,WASTE MANAGEMENT,False,xlsx
70,8.2.2.18 Empty.xlsx,8.2.2.18,WASTE MANAGEMENT,False,xlsx
71,8.2.2.19 Still Bottoms.xlsx,8.2.2.19,WASTE MANAGEMENT,False,xlsx
72,8.2.2.20 Waste Paint.xlsx,8.2.2.20,WASTE MANAGEMENT,False,xlsx
73,8.2.2.21 Waste Zinc.xlsx,8.2.2.21,WASTE MANAGEMENT,False,xlsx
74,8.2.2.1 Line 101-103 Operating Forms/8.2.2.1.1 101-103 Weekly Rack Burn Off Tracker.xlsx,8.2.2.1.1,MAINTENANCE / PM,False,xlsx
75,8.2.2.1 Line 101-103 Operating Forms/8.2.2.1.19 Line 103 Paint Pot Lines Cleaning Chart.xlsx,8.2.2.1.19,MAINTENANCE / PM,False,xlsx
76,8.2.2.1 Line 101-103 Operating Forms/8.2.2.1.20 Line 101 Paint Pot Lines Cleaning Chart.xlsx,8.2.2.1.20,MAINTENANCE / PM,False,xlsx
77,8.2.2.1 Line 101-103 Operating Forms/8.2.2.1.3 Daily Paint Booth Cleaning Schedule.xlsx,8.2.2.1.3,MAINTENANCE / PM,False,xlsx
78,8.2.2.1 Line 101-103 Operating Forms/8.2.2.1.4 Monthly Paint Booth Cleaning Schedule.xlsx,8.2.2.1.4,MAINTENANCE / PM,False,xlsx
79,8.2.2.2 Line 102 Operating Forms/8.2.2.2.10 102 Maintenance Log.xlsx,8.2.2.2.10,MAINTENANCE / PM,False,xlsx
80,8.2.2.2 Line 102 Operating Forms/8.2.2.2.8 Line 102 Robot Operator Maintenance.xlsx,8.2.2.2.8,MAINTENANCE / PM,False,xlsx
81,8.2.2.32 Dustless Sander Maintenance Check Sheet.xlsx,8.2.2.32,MAINTENANCE / PM,False,xlsx
82,8.2.2.34 Sanding Booth Cleaning and Maintenance.xlsx,8.2.2.34,MAINTENANCE / PM,False,xlsx
83,8.2.2.6 Change Tracker.xlsx,8.2.2.6,DOCUMENT CONTROL,False,xlsx
84,8.2.2.27 Template.xlsx,8.2.2.27,None/Reference,False,xlsx
85,8.2.2.1 Line 101-103 Operating Forms/Obsolete/101-103 Rack burn off schedule.xlsx,,DOCUMENT CONTROL,True,xlsx
86,8.2.2.1 Line 101-103 Operating Forms/Obsolete/101-103 Schedule Template.xlsx,,DOCUMENT CONTROL,True,xlsx
87,8.2.2.1 Line 101-103 Operating Forms/Obsolete/Old Copy of 101-103 Weekly Burn Off Tracker.pdf,,DOCUMENT CONTROL,True,pdf
88,8.2.2.1 Line 101-103 Operating Forms/Review and Update/Night Shift Cleaning.xlsx,,DOCUMENT CONTROL,True,xlsx
89,8.2.2.2 Line 102 Operating Forms/Obsolete/102 Line Loaded Parts Tracking Test File.xlsx,,DOCUMENT CONTROL,True,xlsx
90,8.2.2.2 Line 102 Operating Forms/Obsolete/102 Line Paint Schedule Template.xlsx,,DOCUMENT CONTROL,True,xlsx
91,8.2.2.2 Line 102 Operating Forms/Obsolete/Night Shift Cleaning 102.xlsx,,DOCUMENT CONTROL,True,xlsx
92,8.2.2.4 Shipping Forms/Obsolete/Laval Tool Packslip Template.xls,,DOCUMENT CONTROL,True,xls
93,Obsolete/12.xls,,DOCUMENT CONTROL,True,xls
94,Obsolete/Paint Mix Instruction Sheet.xlsx,,DOCUMENT CONTROL,True,xlsx
95,Obsolete/Product Information 582023.xlsx,,DOCUMENT CONTROL,True,xlsx
96,8.2.2.1 Line 101-103 Operating Forms/Obsolete/8.2.2.1.1 101-103 Weekly Rack Burn Off Tracker.xlsx,8.2.2.1.1,DOCUMENT CONTROL,True,xlsx
97,8.2.2.1 Line 101-103 Operating Forms/Obsolete/8.2.2.1.10 Daily Painter Line Up.xlsx,8.2.2.1.10,DOCUMENT CONTROL,True,xlsx
98,8.2.2.1 Line 101-103 Operating Forms/Obsolete/8.2.2.1.11 103 Schedule Template (Ver 2).xlsx,8.2.2.1.11,DOCUMENT CONTROL,True,xlsx
99,8.2.2.1 Line 101-103 Operating Forms/Obsolete/8.2.2.1.11 103 Schedule Template.xlsx,8.2.2.1.11,DOCUMENT CONTROL,True,xlsx
100,Obsolete/8.2.2.1.11 Daily Buffing Tally Sheet Mytox.xlsx,8.2.2.1.11,DOCUMENT CONTROL,True,xlsx
101,Obsolete/8.2.2.1.12 Daily Sanding Tally Sheet Mytox.xlsx,8.2.2.1.12,DOCUMENT CONTROL,True,xlsx
102,Obsolete/8.2.2.1.13 Daily Paint Booth Maintenance.xls,8.2.2.1.13,DOCUMENT CONTROL,True,xls
103,Obsolete/8.2.2.1.17 Painter Supplies.xls,8.2.2.1.17,DOCUMENT CONTROL,True,xls
104,Obsolete/8.2.2.1.19 Line Speed Verification.xls,8.2.2.1.19,DOCUMENT CONTROL,True,xls
105,8.2.2.3 Production Forms by Customer/Obsolete/Obsolete 2025/8.2.2.3.1 BRP/Obsolete/8.2.2.1.2 Truck Load Sheet.xls,8.2.2.1.2,DOCUMENT CONTROL,True,xls
106,Obsolete/8.2.2.1.20 Daily Robot Parameters.xlsx,8.2.2.1.20,DOCUMENT CONTROL,True,xlsx
107,Obsolete/8.2.2.1.21 Daily Deburring Tally Sheet.xlsx,8.2.2.1.21,DOCUMENT CONTROL,True,xlsx
108,Obsolete/8.2.2.1.21 Daily Sanding Tally Sheet 102 Line.xlsx,8.2.2.1.21,DOCUMENT CONTROL,True,xlsx
109,Obsolete/8.2.2.1.22 Daily Sanding Tally Sheet - Spyder.xlsx,8.2.2.1.22,DOCUMENT CONTROL,True,xlsx
110,Obsolete/8.2.2.1.23 Daily Buffing Tally Sheet - Spyder.xlsx,8.2.2.1.23,DOCUMENT CONTROL,True,xlsx
111,Obsolete/8.2.2.1.24 Daily Sanding Tally Sheet - Metelix (RS Spoilers).xls,8.2.2.1.24,DOCUMENT CONTROL,True,xls
112,Obsolete/8.2.2.1.25 Daily Buffing Tally Sheet - Metelix (RS Spoilers).xls,8.2.2.1.25,DOCUMENT CONTROL,True,xls
113,Obsolete/8.2.2.1.26 Buffing Target Tracking 102 Line.xlsx,8.2.2.1.26,DOCUMENT CONTROL,True,xlsx
114,Obsolete/8.2.2.1.27 Sanding Target Tracking 102 Line.xlsx,8.2.2.1.27,DOCUMENT CONTROL,True,xlsx
115,Obsolete/8.2.2.1.28 Electrolux Daily Stripping Tally Sheet.xlsx,8.2.2.1.28,DOCUMENT CONTROL,True,xlsx
116,Obsolete/8.2.2.1.3 Paint Mix Verification Log DPLF.xls,8.2.2.1.3,DOCUMENT CONTROL,True,xls
117,8.2.2.1 Line 101-103 Operating Forms/Review and Update/8.2.2.1.4 Monthly Paint Booth Cleaning Schedule.xls,8.2.2.1.4,DOCUMENT CONTROL,True,xls
118,8.2.2.1 Line 101-103 Operating Forms/Obsolete/8.2.2.1.5 101-103 Daily Load Sheet (V2).xlsx,8.2.2.1.5,DOCUMENT CONTROL,True,xlsx
119,8.2.2.1 Line 101-103 Operating Forms/Obsolete/8.2.2.1.5 101-103 Daily Load Sheet- Ver 1.xlsx,8.2.2.1.5,DOCUMENT CONTROL,True,xlsx
120,8.2.2.1 Line 101-103 Operating Forms/Obsolete/8.2.2.1.5 101-103 Daily Load Sheet.xlsx,8.2.2.1.5,DOCUMENT CONTROL,True,xlsx
121,8.2.2.1 Line 101-103 Operating Forms/Obsolete/8.2.2.1.5 Load Sheet.xlsx,8.2.2.1.5,DOCUMENT CONTROL,True,xlsx
122,8.2.2.1 Line 101-103 Operating Forms/Review and Update/8.2.2.1.5 Daily Paint Booth Cleaning Schedule.xls,8.2.2.1.5,DOCUMENT CONTROL,True,xls
123,8.2.2.1 Line 101-103 Operating Forms/Obsolete/8.2.2.1.6 101 Schedule Template (Ver 2).xlsx,8.2.2.1.6,DOCUMENT CONTROL,True,xlsx
124,8.2.2.1 Line 101-103 Operating Forms/Obsolete/8.2.2.1.6 101 Schedule Template (Ver 3).xlsx,8.2.2.1.6,DOCUMENT CONTROL,True,xlsx
125,8.2.2.1 Line 101-103 Operating Forms/Obsolete/8.2.2.1.6 101 Schedule Template (Ver 4).xlsx,8.2.2.1.6,DOCUMENT CONTROL,True,xlsx
126,8.2.2.1 Line 101-103 Operating Forms/Obsolete/8.2.2.1.6 101 Schedule Template.xlsx,8.2.2.1.6,DOCUMENT CONTROL,True,xlsx
127,Obsolete/8.2.2.1.6 Tooling Repair Log.xlsx,8.2.2.1.6,DOCUMENT CONTROL,True,xlsx
128,Obsolete/8.2.2.1.7 Daily Buffing Tally Sheet.xlsx,8.2.2.1.7,DOCUMENT CONTROL,True,xlsx
129,Obsolete/8.2.2.1.8 Daily Sanding Tally Sheet.xlsx,8.2.2.1.8,DOCUMENT CONTROL,True,xlsx
130,8.2.2.2 Line 102 Operating Forms/Obsolete/8.2.2.2.1 102 Line Paint Production Tracking(v2).xlsx,8.2.2.2.1,DOCUMENT CONTROL,True,xlsx
131,8.2.2.2 Line 102 Operating Forms/Obsolete/8.2.2.2.1 102 Line Paint Production Tracking(v3).xlsx,8.2.2.2.1,DOCUMENT CONTROL,True,xlsx
132,8.2.2.2 Line 102 Operating Forms/Obsolete/8.2.2.2.1 102 Line Paint Production Tracking.xlsx,8.2.2.2.1,DOCUMENT CONTROL,True,xlsx
133,Obsolete/Old Forms/8.2.2.2.10 Spyder Circuit Yellow.xls,8.2.2.2.10,DOCUMENT CONTROL,True,xls
134,Obsolete/Old Forms/8.2.2.2.11 Spyder F3T Oxford Blue.xls,8.2.2.2.11,DOCUMENT CONTROL,True,xls
135,Obsolete/Old Forms/8.2.2.2.12 Spyder Pure Magnesium.xls,8.2.2.2.12,DOCUMENT CONTROL,True,xls
136,Obsolete/Old Forms/8.2.2.2.13 Splash Guard.xls,8.2.2.2.13,DOCUMENT CONTROL,True,xls
137,Obsolete/Old Forms/8.2.2.2.14 ABC Exteriors.xls,8.2.2.2.14,DOCUMENT CONTROL,True,xls
138,8.2.2.3 Production Forms by Customer/8.2.2.3.3 Mytox/Obsolete/8.2.2.2.15 Mytox.xls,8.2.2.2.15,DOCUMENT CONTROL,True,xls
139,Obsolete/Old Forms/8.2.2.2.17 Evinrude Buffed Parts Inspection.xls,8.2.2.2.17,DOCUMENT CONTROL,True,xls
140,8.2.2.3 Production Forms by Customer/Obsolete/Obsolete 2025/8.2.2.3.1 BRP/Obsolete/8.2.2.2.18 Spyder Buff Inspect.xls,8.2.2.2.18,DOCUMENT CONTROL,True,xls
141,8.2.2.3 Production Forms by Customer/Obsolete/Obsolete 2025/8.2.2.3.1 BRP/Obsolete/8.2.2.2.19 Spyder Vegas White.xlsx,8.2.2.2.19,DOCUMENT CONTROL,True,xlsx
142,Obsolete/Old Forms/8.2.2.2.19 Spyder Vegas White RT.xls,8.2.2.2.19,DOCUMENT CONTROL,True,xls
143,Obsolete/Old Forms/8.2.2.2.2 Evinrude White.xls,8.2.2.2.2,DOCUMENT CONTROL,True,xls
144,Obsolete/Old Forms/8.2.2.2.20 Spyder Vegas White RT Page 2.xls,8.2.2.2.20,DOCUMENT CONTROL,True,xls
145,Obsolete/Old Forms/8.2.2.2.21 Mytox - U22X.xls,8.2.2.2.21,DOCUMENT CONTROL,True,xls
146,Obsolete/Old Forms/8.2.2.2.22 Mytox - U354.xls,8.2.2.2.22,DOCUMENT CONTROL,True,xls
147,Obsolete/Old Forms/8.2.2.2.23 Tiercon - Head Lamp Bezel.xls,8.2.2.2.23,DOCUMENT CONTROL,True,xls
148,8.2.2.3 Production Forms by Customer/8.2.2.3.3 Mytox/Obsolete/8.2.2.2.24 Mytox - Buff Inspect.xls,8.2.2.2.24,DOCUMENT CONTROL,True,xls
149,Obsolete/Old Forms/8.2.2.2.24 Mytox - U22X Buff Inspect.xls,8.2.2.2.24,DOCUMENT CONTROL,True,xls
150,Obsolete/Old Forms/8.2.2.2.25 102 LINE BUFFED PARTS INSPECTION.xls,8.2.2.2.25,DOCUMENT CONTROL,True,xls
151,Obsolete/Old Forms/8.2.2.2.26 Spyder RT Oxford Blue.xls,8.2.2.2.26,DOCUMENT CONTROL,True,xls
152,Obsolete/Old Forms/8.2.2.2.27 Spyder Oxford Blue Buff Inspect.xls,8.2.2.2.27,DOCUMENT CONTROL,True,xls
153,8.2.2.3 Production Forms by Customer/Obsolete/Manterra/8.2.2.2.28  Seastar-Manterra-Vario Systems.xls,8.2.2.2.28,DOCUMENT CONTROL,True,xls
154,8.2.2.3 Production Forms by Customer/8.2.2.3.2 Rollstamp/Obsolete/8.2.2.2.29 BMW Inspection.xlsx,8.2.2.2.29,DOCUMENT CONTROL,True,xlsx
155,8.2.2.2 Line 102 Operating Forms/Obsolete/8.2.2.2.3 102 Line Paint Schedule.xlsx,8.2.2.2.3,DOCUMENT CONTROL,True,xlsx
156,Obsolete/Old Forms/8.2.2.2.3 Evinrude Smoke Grey.xls,8.2.2.2.3,DOCUMENT CONTROL,True,xls
157,Obsolete/Old Forms/8.2.2.2.30 Spyder R66 - Chalk White.xlsx,8.2.2.2.30,DOCUMENT CONTROL,True,xlsx
158,Obsolete/Old Forms/8.2.2.2.31 ELECTROLUX.xls,8.2.2.2.31,DOCUMENT CONTROL,True,xls
159,8.2.2.3 Production Forms by Customer/Obsolete/Obsolete 2025/8.2.2.3.1 BRP/Obsolete/8.2.2.2.32 Spyder - Deep Black.xlsx,8.2.2.2.32,DOCUMENT CONTROL,True,xlsx
160,8.2.2.3 Production Forms by Customer/Obsolete/Metelix/8.2.2.2.33 RS SPOILER.xlsx,8.2.2.2.33,DOCUMENT CONTROL,True,xlsx
161,8.2.2.3 Production Forms by Customer/Obsolete/Metelix/8.2.2.2.34 RS SPOILER BUFF INSPECTION.xlsx,8.2.2.2.34,DOCUMENT CONTROL,True,xlsx
162,Obsolete/Old Forms/8.2.2.2.35 Spyder 2021 - Gravity Grey.xlsx,8.2.2.2.35,DOCUMENT CONTROL,True,xlsx
163,Obsolete/Old Forms/8.2.2.2.36 JOMI INSPECTION.xlsx,8.2.2.2.36,DOCUMENT CONTROL,True,xlsx
164,8.2.2.3 Production Forms by Customer/8.2.2.3.4 Laval Tool/Obsolete/8.2.2.2.37 Laval Tool Inspection.xlsx,8.2.2.2.37,DOCUMENT CONTROL,True,xlsx
165,Obsolete/8.2.2.2.38 Spyder 2022 - Manta Green.xlsx,8.2.2.2.38,DOCUMENT CONTROL,True,xlsx
166,8.2.2.3 Production Forms by Customer/Obsolete/Obsolete 2025/8.2.2.3.1 BRP/Obsolete/8.2.2.2.39 Spyder 2022 - Hyper Silver.xlsx,8.2.2.2.39,DOCUMENT CONTROL,True,xlsx
167,Obsolete/Old Forms/8.2.2.2.4 Evinrude Orbital Blue.xls,8.2.2.2.4,DOCUMENT CONTROL,True,xls
168,8.2.2.3 Production Forms by Customer/Obsolete/Obsolete 2025/8.2.2.3.1 BRP/Obsolete/8.2.2.2.40 Spyder 2022 - Shadow Green.xlsx,8.2.2.2.40,DOCUMENT CONTROL,True,xlsx
169,8.2.2.3 Production Forms by Customer/8.2.2.3.2 Rollstamp/Obsolete/8.2.2.2.41 Tesla REVISED.xlsx,8.2.2.2.41,DOCUMENT CONTROL,True,xlsx
170,8.2.2.3 Production Forms by Customer/8.2.2.3.2 Rollstamp/Obsolete/8.2.2.2.41 Tesla.xlsx,8.2.2.2.41,DOCUMENT CONTROL,True,xlsx
171,Obsolete/Old Forms/8.2.2.2.41 Tesla Inspection old.xlsx,8.2.2.2.41,DOCUMENT CONTROL,True,xlsx
172,8.2.2.3 Production Forms by Customer/8.2.2.3.2 Rollstamp/Obsolete/8.2.2.2.42 Tesla Buff Inspection revised.xlsx,8.2.2.2.42,DOCUMENT CONTROL,True,xlsx
173,8.2.2.3 Production Forms by Customer/8.2.2.3.2 Rollstamp/Obsolete/8.2.2.2.42 Tesla Buff Inspection.xlsx,8.2.2.2.42,DOCUMENT CONTROL,True,xlsx
174,8.2.2.1 Line 101-103 Operating Forms/Obsolete/8.2.2.2.43 Truck Load Sheet.xls,8.2.2.2.43,DOCUMENT CONTROL,True,xls
175,8.2.2.3 Production Forms by Customer/8.2.2.3.2 Rollstamp/Obsolete/8.2.2.2.43 Tesla GP12 Inspection revised.xlsx,8.2.2.2.43,DOCUMENT CONTROL,True,xlsx
176,8.2.2.3 Production Forms by Customer/8.2.2.3.2 Rollstamp/Obsolete/8.2.2.2.43 Tesla GP12 Inspection.xlsx,8.2.2.2.43,DOCUMENT CONTROL,True,xlsx
177,8.2.2.2 Line 102 Operating Forms/Obsolete/8.2.2.2.5 102 Rack Burn Off Tracker.xlsx,8.2.2.2.5,DOCUMENT CONTROL,True,xlsx
178,Obsolete/Old Forms/8.2.2.2.5 Evinrude Hyper Silver.xls,8.2.2.2.5,DOCUMENT CONTROL,True,xls
179,Obsolete/Old Forms/8.2.2.2.6 Evinrude Radical Red.xls,8.2.2.2.6,DOCUMENT CONTROL,True,xls
180,Obsolete/Old Forms/8.2.2.2.7 Spyder Vegas White.xls,8.2.2.2.7,DOCUMENT CONTROL,True,xls
181,8.2.2.2 Line 102 Operating Forms/Obsolete/8.2.2.2.8 Line 102 Robot Operator Maintenance.xlsx,8.2.2.2.8,DOCUMENT CONTROL,True,xlsx
182,Obsolete/Old Forms/8.2.2.2.8 Spyder Intense Red.xls,8.2.2.2.8,DOCUMENT CONTROL,True,xls
183,Obsolete/Old Forms/8.2.2.2.9 Spyder Hyper Silver.xls,8.2.2.2.9,DOCUMENT CONTROL,True,xls
184,Obsolete/8.2.2.25 Solvent Usage Tracking.xlsx,8.2.2.25,DOCUMENT CONTROL,True,xlsx
185,Obsolete/8.2.2.26 Colour Verification (V2).xlsx,8.2.2.26,DOCUMENT CONTROL,True,xlsx
186,Obsolete/8.2.2.26 Colour Verification.xlsx,8.2.2.26,DOCUMENT CONTROL,True,xlsx
187,Obsolete/8.2.2.26 New Paint Batch Colour Verification.xlsx,8.2.2.26,DOCUMENT CONTROL,True,xlsx
188,Obsolete/8.2.2.3.1 Daily Schedule 103 Line.xls,8.2.2.3.1,DOCUMENT CONTROL,True,xls
189,8.2.2.3 Production Forms by Customer/Obsolete/Obsolete 2025/8.2.2.3.1 BRP/8.2.2.3.1.1 Spyder Buff Inspect.xlsx,8.2.2.3.1.1,DOCUMENT CONTROL,True,xlsx
190,8.2.2.3 Production Forms by Customer/Obsolete/Obsolete 2025/8.2.2.3.1 BRP/Obsolete/8.2.2.3.1.1 Spyder Buff Inspect.xls,8.2.2.3.1.1,DOCUMENT CONTROL,True,xls
191,8.2.2.3 Production Forms by Customer/Obsolete/Obsolete 2025/8.2.2.3.1 BRP/Obsolete/8.2.2.3.1.1 Spyder Buff Inspect.xlsx,8.2.2.3.1.1,DOCUMENT CONTROL,True,xlsx
192,8.2.2.3 Production Forms by Customer/Obsolete/Obsolete 2025/8.2.2.3.1 BRP/8.2.2.3.1.2 Spyder - Deep Black.xlsx,8.2.2.3.1.2,DOCUMENT CONTROL,True,xlsx
193,8.2.2.3 Production Forms by Customer/Obsolete/Obsolete 2025/8.2.2.3.1 BRP/Obsolete/8.2.2.3.1.2 Spyder - Deep Black(v2).xlsx,8.2.2.3.1.2,DOCUMENT CONTROL,True,xlsx
194,8.2.2.3 Production Forms by Customer/Obsolete/Obsolete 2025/8.2.2.3.1 BRP/Obsolete/8.2.2.3.1.2 Spyder - Deep Black.xlsx,8.2.2.3.1.2,DOCUMENT CONTROL,True,xlsx
195,8.2.2.3 Production Forms by Customer/Obsolete/Obsolete 2025/8.2.2.3.1 BRP/8.2.2.3.1.3 Spyder Vegas White.xlsx,8.2.2.3.1.3,DOCUMENT CONTROL,True,xlsx
196,8.2.2.3 Production Forms by Customer/Obsolete/Obsolete 2025/8.2.2.3.1 BRP/Obsolete/8.2.2.3.1.3 Spyder Vegas White(v2).xlsx,8.2.2.3.1.3,DOCUMENT CONTROL,True,xlsx
197,8.2.2.3 Production Forms by Customer/Obsolete/Obsolete 2025/8.2.2.3.1 BRP/8.2.2.3.1.4 Spyder - Hyper Silver.xlsx,8.2.2.3.1.4,DOCUMENT CONTROL,True,xlsx
198,8.2.2.3 Production Forms by Customer/Obsolete/Obsolete 2025/8.2.2.3.1 BRP/Obsolete/8.2.2.3.1.4 Spyder - Hyper Silver(v2).xlsx,8.2.2.3.1.4,DOCUMENT CONTROL,True,xlsx
199,8.2.2.3 Production Forms by Customer/Obsolete/Obsolete 2025/8.2.2.3.1 BRP/8.2.2.3.1.5 Spyder - Satin Vegas White.xlsx,8.2.2.3.1.5,DOCUMENT CONTROL,True,xlsx
200,8.2.2.3 Production Forms by Customer/Obsolete/Obsolete 2025/8.2.2.3.1 BRP/8.2.2.3.1.5 Spyder- British Green.xlsx,8.2.2.3.1.5,DOCUMENT CONTROL,True,xlsx
201,8.2.2.3 Production Forms by Customer/Obsolete/Obsolete 2025/8.2.2.3.1 BRP/Obsolete/8.2.2.3.1.5 Spyder- British Green .xlsx,8.2.2.3.1.5,DOCUMENT CONTROL,True,xlsx
202,8.2.2.3 Production Forms by Customer/Obsolete/Obsolete 2025/8.2.2.3.1 BRP/8.2.2.3.1.6 Truck Load Sheet.xlsx,8.2.2.3.1.6,DOCUMENT CONTROL,True,xlsx
203,8.2.2.3 Production Forms by Customer/Obsolete/Obsolete 2025/8.2.2.3.1 BRP/8.2.2.3.1.7 BRP production actual-vs-target.xlsx,8.2.2.3.1.7,DOCUMENT CONTROL,True,xlsx
204,8.2.2.1 Line 101-103 Operating Forms/Obsolete/8.2.2.3.2 Load Sheet.xlsx,8.2.2.3.2,DOCUMENT CONTROL,True,xlsx
205,Obsolete/8.2.2.3.2 Load Sheet.xlsx,8.2.2.3.2,DOCUMENT CONTROL,True,xlsx
206,8.2.2.3 Production Forms by Customer/8.2.2.3.2 Rollstamp/Obsolete/8.2.2.3.2.1 BMW Inspection.xlsx,8.2.2.3.2.1,DOCUMENT CONTROL,True,xlsx
207,8.2.2.3 Production Forms by Customer/8.2.2.3.2 Rollstamp/Obsolete/8.2.2.3.2.1 Rollstamp BMW G07 Inspection(V2).xlsx,8.2.2.3.2.1,DOCUMENT CONTROL,True,xlsx
208,8.2.2.3 Production Forms by Customer/8.2.2.3.2 Rollstamp/Obsolete/8.2.2.3.2.1 Rollstamp BMW G07 Inspection.xlsx,8.2.2.3.2.1,DOCUMENT CONTROL,True,xlsx
209,8.2.2.3 Production Forms by Customer/8.2.2.3.2 Rollstamp/Obsolete/8.2.2.3.2.2 Rollstamp Tesla Inspection .xlsx,8.2.2.3.2.2,DOCUMENT CONTROL,True,xlsx
210,Obsolete/8.2.2.3.3 Mask Tally Sheet.xls,8.2.2.3.3,DOCUMENT CONTROL,True,xls
211,8.2.2.3 Production Forms by Customer/8.2.2.3.3 Mytox/Obsolete/8.2.2.3.3.1 Mytox GP-12 Tote Count for Shipment.xlsx,8.2.2.3.3.1,DOCUMENT CONTROL,True,xlsx
212,Obsolete/8.2.2.3.4 Rack Cleaning Log.xls,8.2.2.3.4,DOCUMENT CONTROL,True,xls
213,8.2.2.3 Production Forms by Customer/8.2.2.3.4 Laval Tool/Obsolete/8.2.2.3.4.1 Laval Tool Inspection.xlsx,8.2.2.3.4.1,DOCUMENT CONTROL,True,xlsx
214,8.2.2.3 Production Forms by Customer/8.2.2.3.5 Metelix/Obsolete/8.2.2.3.5.1 Metelix Inspection.xlsx,8.2.2.3.5.1,DOCUMENT CONTROL,True,xlsx
215,8.2.2.3 Production Forms by Customer/8.2.2.3.5 Metelix/Obsolete/8.2.2.3.5.4 Metelix Hummer Painted Inspection.xlsx,8.2.2.3.5.4,DOCUMENT CONTROL,True,xlsx
216,8.2.2.3 Production Forms by Customer/8.2.2.3.6 KB Components/Obsolete/8.2.2.3.6.1 KB Components Inspection Sheet.xlsx,8.2.2.3.6.1,DOCUMENT CONTROL,True,xlsx
217,8.2.2.3 Production Forms by Customer/8.2.2.3.7 Polycon/Obsolete/8.2.2.3.7.2 Tesla Inspection.xlsx,8.2.2.3.7.2,DOCUMENT CONTROL,True,xlsx
218,Obsolete/8.2.2.4.1 102 Line Load Sheet.xls,8.2.2.4.1,DOCUMENT CONTROL,True,xls
219,8.2.2.2 Line 102 Operating Forms/Obsolete/8.2.2.4.10 102 Line Paint Production Tracking and Line Paint Tracking Sheet.pdf,8.2.2.4.10,DOCUMENT CONTROL,True,pdf
220,8.2.2.4 Shipping Forms/Obsolete/8.2.2.4.10 Mitchell Plastics Packslip Template.xlsx,8.2.2.4.10,DOCUMENT CONTROL,True,xlsx
221,Obsolete/8.2.2.4.11 Mytox Packslip Template.xlsx,8.2.2.4.11,DOCUMENT CONTROL,True,xlsx
222,Obsolete/8.2.2.4.11Line 102 Programs.xlsx,8.2.2.4.11,DOCUMENT CONTROL,True,xlsx
223,8.2.2.4 Shipping Forms/Obsolete/8.2.2.4.13 Rollstamp Tesla Packslip Template.xlsx,8.2.2.4.13,DOCUMENT CONTROL,True,xlsx
224,8.2.2.4 Shipping Forms/Obsolete/8.2.2.4.14 Laval Tool Packslip Template.xlsx,8.2.2.4.14,DOCUMENT CONTROL,True,xlsx
225,8.2.2.4 Shipping Forms/Obsolete/8.2.2.4.15 Variosystem Packslip Template.xlsx,8.2.2.4.15,DOCUMENT CONTROL,True,xlsx
226,8.2.2.4 Shipping Forms/Obsolete/8.2.2.4.16 BRP Packing Slip Blank Template V2.xlsx,8.2.2.4.16,DOCUMENT CONTROL,True,xlsx
227,8.2.2.4 Shipping Forms/Obsolete/8.2.2.4.16 BRP Packing Slip Blank Template v3.xlsx,8.2.2.4.16,DOCUMENT CONTROL,True,xlsx
228,8.2.2.4 Shipping Forms/Obsolete/8.2.2.4.16 BRP Packing Slip Blank Template.xlsx,8.2.2.4.16,DOCUMENT CONTROL,True,xlsx
229,8.2.2.2 Line 102 Operating Forms/Obsolete/8.2.2.4.2 102 Line Paint Production Tracking.xlsx,8.2.2.4.2,DOCUMENT CONTROL,True,xlsx
230,8.2.2.4 Shipping Forms/Obsolete/8.2.2.4.3 P2 Daily Shipping Report Template 1_16_25.xlsx,8.2.2.4.3,DOCUMENT CONTROL,True,xlsx
231,8.2.2.4 Shipping Forms/Obsolete/8.2.2.4.3 P2 Daily Shipping Report Template.xlsx,8.2.2.4.3,DOCUMENT CONTROL,True,xlsx
232,Obsolete/8.2.2.4.3 102 Booth Cleaning Log.xls,8.2.2.4.3,DOCUMENT CONTROL,True,xls
233,8.2.2.2 Line 102 Operating Forms/Obsolete/8.2.2.4.4 102 Line Loaded Parts Tracking.xlsx,8.2.2.4.4,DOCUMENT CONTROL,True,xlsx
234,8.2.2.4 Shipping Forms/Obsolete/8.2.2.4.5 Monthly Delivery Performance Template.xlsx,8.2.2.4.5,DOCUMENT CONTROL,True,xlsx
235,8.2.2.4 Shipping Forms/Obsolete/8.2.2.4.5 P2 Monthly Delivery Performance Template.xlsx,8.2.2.4.5,DOCUMENT CONTROL,True,xlsx
236,Obsolete/8.2.2.4.5 Line 102 Cure  Log.xls,8.2.2.4.5,DOCUMENT CONTROL,True,xls
237,8.2.2.4 Shipping Forms/Obsolete/8.2.2.4.6 Dometic Marine Canada (Sea Star) Packslip Template.xls,8.2.2.4.6,DOCUMENT CONTROL,True,xls
238,Obsolete/8.2.2.4.6 line 102 Oven And line speed Verification Log.xls,8.2.2.4.6,DOCUMENT CONTROL,True,xls
239,8.2.2.4 Shipping Forms/Obsolete/8.2.2.4.7 Falcon Lakeside Packslip Template.xls,8.2.2.4.7,DOCUMENT CONTROL,True,xls
240,Obsolete/8.2.2.4.7 102 Line Shut Down Check List.xlsx.xls,8.2.2.4.7,DOCUMENT CONTROL,True,xls
241,8.2.2.4 Shipping Forms/Obsolete/8.2.2.4.8 Manterra Packslip Template.xlsx,8.2.2.4.8,DOCUMENT CONTROL,True,xlsx
242,Obsolete/8.2.2.4.8 102 LINE PAINT TRACKING SHEET.xlsx,8.2.2.4.8,DOCUMENT CONTROL,True,xlsx
243,8.2.2.4 Shipping Forms/Obsolete/8.2.2.4.9 Metelix Packslip Template V2.xlsx,8.2.2.4.9,DOCUMENT CONTROL,True,xlsx
244,8.2.2.4 Shipping Forms/Obsolete/8.2.2.4.9 Metelix Packslip Template.xlsx,8.2.2.4.9,DOCUMENT CONTROL,True,xlsx
245,Obsolete/8.2.2.4.9 Jomi Traveler.xlsx,8.2.2.4.9,DOCUMENT CONTROL,True,xlsx
246,Obsolete/8.2.2.5 Paint Kitchen Inventory (v2).xlsx,8.2.2.5,DOCUMENT CONTROL,True,xlsx
247,Obsolete/8.2.2.5 Paint Kitchen Inventory version 1.xlsx,8.2.2.5,DOCUMENT CONTROL,True,xlsx
248,Obsolete/8.2.2.5 Paint Kitchen Inventory.xlsx,8.2.2.5,DOCUMENT CONTROL,True,xlsx
249,Obsolete/8.2.2.5 Paint Kitchen Inventory12-20-23.xlsx,8.2.2.5,DOCUMENT CONTROL,True,xlsx
250,Obsolete/8.2.2.5.1 ABC Template.xls,8.2.2.5.1,DOCUMENT CONTROL,True,xls
251,Obsolete/8.2.2.5.10 Onward Cluthe Template.xls,8.2.2.5.10,DOCUMENT CONTROL,True,xls
252,Obsolete/8.2.2.5.11 PAPP Template.xls,8.2.2.5.11,DOCUMENT CONTROL,True,xls
253,Obsolete/8.2.2.5.12 QM Template.xls,8.2.2.5.12,DOCUMENT CONTROL,True,xls
254,Obsolete/8.2.2.5.2 BRP Circuit Yellow Template.xls,8.2.2.5.2,DOCUMENT CONTROL,True,xls
255,Obsolete/8.2.2.5.3 BRP Hyper Silver Template.xls,8.2.2.5.3,DOCUMENT CONTROL,True,xls
256,Obsolete/8.2.2.5.4 BRP Intense Red Template.xls,8.2.2.5.4,DOCUMENT CONTROL,True,xls
257,Obsolete/8.2.2.5.5 BRP Oxford Blue Template.xls,8.2.2.5.5,DOCUMENT CONTROL,True,xls
258,Obsolete/8.2.2.5.6 BRP Vegas White Template.xls,8.2.2.5.6,DOCUMENT CONTROL,True,xls
259,Obsolete/8.2.2.5.7 Global Vehicle Systems Template.xls,8.2.2.5.7,DOCUMENT CONTROL,True,xls
260,Obsolete/8.2.2.5.8 Mitchell Plastics Template.xls,8.2.2.5.8,DOCUMENT CONTROL,True,xls
261,Obsolete/8.2.2.5.9 Mytox Template.xls,8.2.2.5.9,DOCUMENT CONTROL,True,xls
262,Obsolete/8.2.2.7 Daily Sanding Tally Sheet.xlsx,8.2.2.7,DOCUMENT CONTROL,True,xlsx
263,Obsolete/8.2.2.7 Scan System Files/8.2.2.7.1 RS SPOILER.xlsx,8.2.2.7.1,DOCUMENT CONTROL,True,xlsx
264,Obsolete/8.2.2.8 Daily Buffing Tally Sheet.xlsx,8.2.2.8,DOCUMENT CONTROL,True,xlsx
265,Obsolete/8.3.2.7.3 Colour Verification.xlsx,8.3.2.7.3,DOCUMENT CONTROL,True,xlsx
266,Obsolete/8.5.2.11 Sanding Raw V4&V6 Caps at Load.xlsx,8.5.2.11,DOCUMENT CONTROL,True,xlsx
267,Obsolete/8.5.2.20 Masking Guide for Splash Guards.xlsx,8.5.2.20,DOCUMENT CONTROL,True,xlsx
268,Obsolete/8.5.2.22 Quality Specs & Testing QM.xlsx,8.5.2.22,DOCUMENT CONTROL,True,xlsx
269,8.2.2.3 Production Forms by Customer/Obsolete/Obsolete 2025/8.2.2.3.1 BRP/Obsolete/8.5.2.23 Quality Specs & Testing Spyder.xlsx,8.5.2.23,DOCUMENT CONTROL,True,xlsx
270,Obsolete/8.5.2.28 Using Proper Sandpaper.xlsx,8.5.2.28,DOCUMENT CONTROL,True,xlsx
271,Obsolete/8.5.2.31 SPYDER Master Part List 2019.xls,8.5.2.31,DOCUMENT CONTROL,True,xls
272,Obsolete/8.5.2.32 Short Shots - V6 Hoods.xlsx,8.5.2.32,DOCUMENT CONTROL,True,xlsx
273,8.2.2.3 Production Forms by Customer/Obsolete/Obsolete 2025/8.2.2.3.1 BRP/Obsolete/8.5.2.33 Spyder Fender Paint Soak.xlsx,8.5.2.33,DOCUMENT CONTROL,True,xlsx
274,8.2.2.3 Production Forms by Customer/Obsolete/Falcon Lakeside/8.5.2.34 Part Identification - Falcon Lakeside.xlsx,8.5.2.34,DOCUMENT CONTROL,True,xlsx
275,8.2.2.3 Production Forms by Customer/8.2.2.3.2 Rollstamp/Obsolete/8.5.2.35 Part Identification - G07 RDM.xlsx,8.5.2.35,DOCUMENT CONTROL,True,xlsx
276,Obsolete/8.5.2.36 Part Identification - DSS Control Panel.xlsx,8.5.2.36,DOCUMENT CONTROL,True,xlsx
277,Obsolete/8.5.2.37 Quality Specifications - Electrolux.xlsx,8.5.2.37,DOCUMENT CONTROL,True,xlsx
278,8.2.2.3 Production Forms by Customer/Obsolete/Obsolete 2025/8.2.2.3.1 BRP/Obsolete/8.5.2.38 Part Orientation Spyder R66.xlsx,8.5.2.38,DOCUMENT CONTROL,True,xlsx
279,Obsolete/8.5.2.39 SPYDER Master Part List 2020.xls,8.5.2.39,DOCUMENT CONTROL,True,xls
280,8.2.2.3 Production Forms by Customer/Obsolete/Metelix/8.5.2.40 Plugging Camaro RS Spoilers.xlsx,8.5.2.40,DOCUMENT CONTROL,True,xlsx
281,Obsolete/8.5.2.41 SPYDER Master Part List 2021 REVISED.xls,8.5.2.41,DOCUMENT CONTROL,True,xls
282,Obsolete/8.5.2.41 SPYDER Master Part List 2021.xls,8.5.2.41,DOCUMENT CONTROL,True,xls
283,8.2.2.3 Production Forms by Customer/Obsolete/Mitchell/8.5.2.42 Inspection Criteria Mitchell Plastics.xlsx,8.5.2.42,DOCUMENT CONTROL,True,xlsx
284,Obsolete/8.5.2.44 JOMI Identification.xlsx,8.5.2.44,DOCUMENT CONTROL,True,xlsx
285,Obsolete/8.5.2.46 SPYDER Master Part List 2022.xls,8.5.2.46,DOCUMENT CONTROL,True,xls
286,8.2.2.3 Production Forms by Customer/Obsolete/Obsolete 2025/8.2.2.3.1 BRP/Obsolete/8.5.2.47 SPYDER Master Part List MY23.xls,8.5.2.47,DOCUMENT CONTROL,True,xls
287,Obsolete/8.5.2.7 Quick Reference Quality Testing.xlsx,8.5.2.7,DOCUMENT CONTROL,True,xlsx
288,Obsolete/8.5.2.8 All Evinrude Pieces.xls,8.5.2.8,DOCUMENT CONTROL,True,xls
289,Obsolete/8.5.2.9 PAPP Made in Canada Visual Aid.doc,8.5.2.9,DOCUMENT CONTROL,True,doc
