relative_path,document_number,filename,category,line,customer,file_type,parse_status,last_modified_utc,size_kb,sheet_count,is_obsolete,included_in_zip,requires_separate_upload,is_stale,platform_entity_map,mapping_confidence
8.2.2.10 Sanded- Ready For Paint(Orange).xlsx,8.2.2.10,8.2.2.10 Sanded- Ready For Paint(Orange).xlsx,POST-PAINT OPERATIONS,General,,xlsx,Readable,2023-08-16T20:10:34Z,11.3,1,False,True,False,True,,
8.2.2.11 Finished GoodsPartial.xlsx,8.2.2.11,8.2.2.11 Finished GoodsPartial.xlsx,PRODUCTION TRACKING,General,,xlsx,Readable,2023-07-28T20:01:17Z,11.2,1,False,True,False,True,,
8.2.2.12 Hold Tag.xlsx,8.2.2.12,8.2.2.12 Hold Tag.xlsx,NCR / DISPOSITION,General,,xlsx,Readable,2023-07-28T20:12:24Z,11.3,1,False,True,False,True,,
8.2.2.13 Hold For Review.xlsx,8.2.2.13,8.2.2.13 Hold For Review.xlsx,NCR / DISPOSITION,General,,xlsx,Readable,2023-07-28T20:13:40Z,11.2,1,False,True,False,True,,
8.2.2.14 Partial Raw.xlsx,8.2.2.14,8.2.2.14 Partial Raw.xlsx,PRODUCTION TRACKING,General,,xlsx,Readable,2023-07-28T20:03:13Z,11.2,1,False,True,False,True,,
8.2.2.15 Rework- To Be Sanded.xlsx,8.2.2.15,8.2.2.15 Rework- To Be Sanded.xlsx,POST-PAINT OPERATIONS,General,,xlsx,Readable,2023-07-28T20:04:39Z,11.2,1,False,True,False,True,,
8.2.2.16 To Be Buffed.xlsx,8.2.2.16,8.2.2.16 To Be Buffed.xlsx,POST-PAINT OPERATIONS,General,,xlsx,Readable,2023-07-28T20:06:12Z,11.2,1,False,True,False,True,,
8.2.2.17 Booth Sludge.xlsx,8.2.2.17,8.2.2.17 Booth Sludge.xlsx,WASTE MANAGEMENT,General,,xlsx,Readable,2023-08-03T16:56:27Z,10.8,1,False,True,False,True,,
8.2.2.18 Empty.xlsx,8.2.2.18,8.2.2.18 Empty.xlsx,WASTE MANAGEMENT,General,,xlsx,Readable,2023-08-03T16:56:38Z,10.8,1,False,True,False,True,,
8.2.2.19 Still Bottoms.xlsx,8.2.2.19,8.2.2.19 Still Bottoms.xlsx,WASTE MANAGEMENT,General,,xlsx,Readable,2023-08-03T16:57:02Z,10.8,1,False,True,False,True,,
8.2.2.20 Waste Paint.xlsx,8.2.2.20,8.2.2.20 Waste Paint.xlsx,WASTE MANAGEMENT,General,,xlsx,Readable,2023-08-03T16:57:26Z,10.8,1,False,True,False,True,,
8.2.2.21 Waste Zinc.xlsx,8.2.2.21,8.2.2.21 Waste Zinc.xlsx,WASTE MANAGEMENT,General,,xlsx,Readable,2023-08-03T16:57:38Z,10.9,1,False,True,False,True,,
8.2.2.22 Use Next.xlsx,8.2.2.22,8.2.2.22 Use Next.xlsx,PRODUCTION TRACKING,General,,xlsx,Readable,2023-08-10T14:48:21Z,10.9,1,False,True,False,True,,
8.2.2.23 Paint Mix Information Sheet.xlsx,8.2.2.23,8.2.2.23 Paint Mix Information Sheet.xlsx,LAB / CHEMISTRY,General,,xlsx,Readable,2023-12-20T17:58:42Z,23.1,1,False,True,False,True,,
8.2.2.24 Pressure Pot Label.xlsx,8.2.2.24,8.2.2.24 Pressure Pot Label.xlsx,PROCESS CONTROL,General,,xlsx,Readable,2023-08-17T15:09:18Z,12.7,2,False,True,False,True,,
8.2.2.25 Solvent Usage Tracking.xlsx,8.2.2.25,8.2.2.25 Solvent Usage Tracking.xlsx,LAB / CHEMISTRY,General,,xlsx,Readable,2023-10-31T15:28:45Z,20.7,1,False,True,False,True,,
8.2.2.26 New Paint Batch Verification.xlsx,8.2.2.26,8.2.2.26 New Paint Batch Verification.xlsx,LAB / CHEMISTRY,General,,xlsx,Readable,2024-06-28T15:35:42Z,23.8,1,False,True,False,False,,
8.2.2.27 Template.xlsx,8.2.2.27,8.2.2.27 Template.xlsx,None/Reference,General,,xlsx,Readable,2024-01-05T14:18:51Z,18.8,1,False,True,False,True,,
8.2.2.28 Down time Tracking Template.xlsx,8.2.2.28,8.2.2.28 Down time Tracking Template.xlsx,PRODUCTION TRACKING,General,,xlsx,Readable,2024-01-05T20:02:11Z,100.1,12,False,True,False,True,,
8.2.2.29 Daily Production Report Template.xlsx,8.2.2.29,8.2.2.29 Daily Production Report Template.xlsx,PRODUCTION TRACKING,General,,xlsx,Readable,2024-01-05T21:17:55Z,20.5,2,False,True,False,True,,
8.2.2.30 Buffing Summary Template.xlsx,8.2.2.30,8.2.2.30 Buffing Summary Template.xlsx,POST-PAINT OPERATIONS,General,,xlsx,Readable,2024-01-22T18:01:47Z,173.2,15,False,True,False,True,,
8.2.2.31 Daily Hummer Sanding Tally Sheet.xlsx,8.2.2.31,8.2.2.31 Daily Hummer Sanding Tally Sheet.xlsx,PRODUCTION TRACKING,General,,xlsx,Readable,2024-11-13T13:42:00Z,18.6,2,False,True,False,False,,
8.2.2.32 Dustless Sander Maintenance Check Sheet.xlsx,8.2.2.32,8.2.2.32 Dustless Sander Maintenance Check Sheet.xlsx,MAINTENANCE / PM,General,,xlsx,Readable,2025-05-12T19:09:47Z,18.3,1,False,True,False,False,,
8.2.2.33 Plant 2 Paint Trial Information Sheet.xlsx,8.2.2.33,8.2.2.33 Plant 2 Paint Trial Information Sheet.xlsx,NCR / DISPOSITION,General,,xlsx,Readable,2025-12-16T12:25:44Z,17.7,1,False,True,False,False,,
8.2.2.34 Sanding Booth Cleaning and Maintenance.xlsx,8.2.2.34,8.2.2.34 Sanding Booth Cleaning and Maintenance.xlsx,MAINTENANCE / PM,General,,xlsx,Readable,2025-11-10T18:58:32Z,56.6,2,False,True,False,False,,
8.2.2.5 Paint Kitchen Inventory.xlsx,8.2.2.5,8.2.2.5 Paint Kitchen Inventory.xlsx,LAB / CHEMISTRY,General,,xlsx,Readable,2025-01-17T15:01:29Z,65.8,3,False,True,False,False,,
8.2.2.6 Change Tracker.xlsx,8.2.2.6,8.2.2.6 Change Tracker.xlsx,DOCUMENT CONTROL,General,,xlsx,Readable,2023-06-27T11:45:21Z,41.4,3,False,True,False,True,,
8.2.2.7 Daily Sanding Tally Sheet.xlsx,8.2.2.7,8.2.2.7 Daily Sanding Tally Sheet.xlsx,PRODUCTION TRACKING,General,,xlsx,Readable,2026-02-05T17:59:10Z,18.3,2,False,True,False,False,,
8.2.2.8 Daily Buffing Tally Sheet.xlsx,8.2.2.8,8.2.2.8 Daily Buffing Tally Sheet.xlsx,PRODUCTION TRACKING,General,,xlsx,Readable,2026-02-05T17:54:30Z,28.0,3,False,True,False,False,,
8.2.2.9 Daily Deburring Tally Sheet.xlsx,8.2.2.9,8.2.2.9 Daily Deburring Tally Sheet.xlsx,PRODUCTION TRACKING,General,,xlsx,Readable,2023-07-24T18:46:39Z,18.0,2,False,True,False,True,,
8.2.2.1 Line 101-103 Operating Forms/8.2.2.1.1 101-103 Weekly Rack Burn Off Tracker.xlsx,8.2.2.1.1,8.2.2.1.1 101-103 Weekly Rack Burn Off Tracker.xlsx,MAINTENANCE / PM,Line 101-103,,xlsx,Readable,2024-10-16T20:24:14Z,47.3,1,False,True,False,False,,
8.2.2.1 Line 101-103 Operating Forms/8.2.2.1.10 Daily Painter Line Up.xlsx,8.2.2.1.10,8.2.2.1.10 Daily Painter Line Up.xlsx,SCHEDULING / LABOR,Line 101-103,,xlsx,Readable,2024-10-31T13:25:22Z,3288.4,1,False,False,True,False,,
8.2.2.1 Line 101-103 Operating Forms/8.2.2.1.11 103 Schedule Template.xlsx,8.2.2.1.11,8.2.2.1.11 103 Schedule Template.xlsx,PRODUCTION TRACKING,Line 101-103,,xlsx,Readable,2025-11-04T20:38:38Z,92.4,11,False,True,False,False,,
8.2.2.1 Line 101-103 Operating Forms/8.2.2.1.16 Oven Verification Log.xls,8.2.2.1.16,8.2.2.1.16 Oven Verification Log.xls,PROCESS CONTROL,Line 101-103,,xls,Readable,2016-12-16T15:27:18Z,137.5,2,False,True,False,True,,
8.2.2.1 Line 101-103 Operating Forms/8.2.2.1.18 Daily Paint Tally Sheet.xls,8.2.2.1.18,8.2.2.1.18 Daily Paint Tally Sheet.xls,PRODUCTION TRACKING,Line 101-103,,xls,Readable,2024-03-15T15:56:13Z,213.5,2,False,True,False,False,,
8.2.2.1 Line 101-103 Operating Forms/8.2.2.1.19 Line 103 Paint Pot Lines Cleaning Chart.xlsx,8.2.2.1.19,8.2.2.1.19 Line 103 Paint Pot Lines Cleaning Chart.xlsx,MAINTENANCE / PM,Line 101-103,,xlsx,Readable,2025-11-10T18:09:19Z,16.0,1,False,True,False,False,,
8.2.2.1 Line 101-103 Operating Forms/8.2.2.1.2 Paint Kitchen Temp Log.xls,8.2.2.1.2,8.2.2.1.2 Paint Kitchen Temp Log.xls,LAB / CHEMISTRY,Line 101-103,,xls,Readable,2016-12-16T14:02:41Z,146.5,3,False,True,False,True,,
8.2.2.1 Line 101-103 Operating Forms/8.2.2.1.20 Line 101 Paint Pot Lines Cleaning Chart.xlsx,8.2.2.1.20,8.2.2.1.20 Line 101 Paint Pot Lines Cleaning Chart.xlsx,MAINTENANCE / PM,Line 101-103,,xlsx,Readable,2025-11-10T18:09:36Z,16.7,1,False,True,False,False,,
8.2.2.1 Line 101-103 Operating Forms/8.2.2.1.3 Daily Paint Booth Cleaning Schedule.xlsx,8.2.2.1.3,8.2.2.1.3 Daily Paint Booth Cleaning Schedule.xlsx,MAINTENANCE / PM,Line 101-103,,xlsx,Readable,2023-09-18T14:26:37Z,17.6,1,False,True,False,True,,
8.2.2.1 Line 101-103 Operating Forms/8.2.2.1.4 Monthly Paint Booth Cleaning Schedule.xlsx,8.2.2.1.4,8.2.2.1.4 Monthly Paint Booth Cleaning Schedule.xlsx,MAINTENANCE / PM,Line 101-103,,xlsx,Readable,2025-11-10T18:05:19Z,18.8,2,False,True,False,False,,
8.2.2.1 Line 101-103 Operating Forms/8.2.2.1.5 101-103 Daily Load Sheet.xlsx,8.2.2.1.5,8.2.2.1.5 101-103 Daily Load Sheet.xlsx,PRODUCTION TRACKING,Line 101-103,,xlsx,Readable,2025-08-07T17:41:02Z,21.0,1,False,True,False,False,,
8.2.2.1 Line 101-103 Operating Forms/8.2.2.1.6 101 Schedule Template.xlsx,8.2.2.1.6,8.2.2.1.6 101 Schedule Template.xlsx,PRODUCTION TRACKING,Line 101-103,,xlsx,Readable,2025-12-12T16:27:42Z,93.1,11,False,True,False,False,,
8.2.2.1 Line 101-103 Operating Forms/8.2.2.1.7 Daily Painter Schedule.xlsx,8.2.2.1.7,8.2.2.1.7 Daily Painter Schedule.xlsx,SCHEDULING / LABOR,Line 101-103,,xlsx,Readable,2024-11-06T10:33:32Z,21.2,1,False,True,False,False,,
8.2.2.1 Line 101-103 Operating Forms/8.2.2.1.9 Daily Down Time.xlsx,8.2.2.1.9,8.2.2.1.9 Daily Down Time.xlsx,PRODUCTION TRACKING,Line 101-103,,xlsx,Readable,2023-06-27T11:45:39Z,40.8,2,False,True,False,True,,
8.2.2.1 Line 101-103 Operating Forms/Obsolete/101-103 Rack burn off schedule.xlsx,,101-103 Rack burn off schedule.xlsx,DOCUMENT CONTROL,Line 101-103,,xlsx,Readable,2022-08-03T19:53:31Z,73.4,4,True,False,False,True,,
8.2.2.1 Line 101-103 Operating Forms/Obsolete/101-103 Schedule Template.xlsx,,101-103 Schedule Template.xlsx,DOCUMENT CONTROL,Line 101-103,,xlsx,Readable,2023-06-09T16:52:04Z,133.3,11,True,False,False,True,,
8.2.2.1 Line 101-103 Operating Forms/Obsolete/8.2.2.1.1 101-103 Weekly Rack Burn Off Tracker.xlsx,8.2.2.1.1,8.2.2.1.1 101-103 Weekly Rack Burn Off Tracker.xlsx,DOCUMENT CONTROL,Line 101-103,,xlsx,Readable,2023-09-07T15:23:59Z,46.3,1,True,False,False,True,,
8.2.2.1 Line 101-103 Operating Forms/Obsolete/8.2.2.1.10 Daily Painter Line Up.xlsx,8.2.2.1.10,8.2.2.1.10 Daily Painter Line Up.xlsx,DOCUMENT CONTROL,Line 101-103,,xlsx,Readable,2023-10-31T14:30:19Z,3294.6,2,True,False,False,True,,
8.2.2.1 Line 101-103 Operating Forms/Obsolete/8.2.2.1.11 103 Schedule Template (Ver 2).xlsx,8.2.2.1.11,8.2.2.1.11 103 Schedule Template (Ver 2).xlsx,DOCUMENT CONTROL,Line 101-103,,xlsx,Readable,2024-06-04T20:19:25Z,122.5,11,True,False,False,False,,
8.2.2.1 Line 101-103 Operating Forms/Obsolete/8.2.2.1.11 103 Schedule Template.xlsx,8.2.2.1.11,8.2.2.1.11 103 Schedule Template.xlsx,DOCUMENT CONTROL,Line 101-103,,xlsx,Readable,2024-03-04T19:19:49Z,130.0,11,True,False,False,False,,
8.2.2.1 Line 101-103 Operating Forms/Obsolete/8.2.2.1.5 101-103 Daily Load Sheet (V2).xlsx,8.2.2.1.5,8.2.2.1.5 101-103 Daily Load Sheet (V2).xlsx,DOCUMENT CONTROL,Line 101-103,,xlsx,Readable,2024-05-22T20:22:56Z,22.0,1,True,False,False,False,,
8.2.2.1 Line 101-103 Operating Forms/Obsolete/8.2.2.1.5 101-103 Daily Load Sheet- Ver 1.xlsx,8.2.2.1.5,8.2.2.1.5 101-103 Daily Load Sheet- Ver 1.xlsx,DOCUMENT CONTROL,Line 101-103,,xlsx,Readable,2025-01-31T13:33:11Z,22.6,1,True,False,False,False,,
8.2.2.1 Line 101-103 Operating Forms/Obsolete/8.2.2.1.5 101-103 Daily Load Sheet.xlsx,8.2.2.1.5,8.2.2.1.5 101-103 Daily Load Sheet.xlsx,DOCUMENT CONTROL,Line 101-103,,xlsx,Readable,2024-04-26T19:19:32Z,21.9,1,True,False,False,False,,
8.2.2.1 Line 101-103 Operating Forms/Obsolete/8.2.2.1.5 Load Sheet.xlsx,8.2.2.1.5,8.2.2.1.5 Load Sheet.xlsx,DOCUMENT CONTROL,Line 101-103,,xlsx,Readable,2023-11-29T11:08:00Z,21.2,2,True,False,False,True,,
8.2.2.1 Line 101-103 Operating Forms/Obsolete/8.2.2.1.6 101 Schedule Template (Ver 2).xlsx,8.2.2.1.6,8.2.2.1.6 101 Schedule Template (Ver 2).xlsx,DOCUMENT CONTROL,Line 101-103,,xlsx,Readable,2024-05-22T12:22:04Z,130.2,11,True,False,False,False,,
8.2.2.1 Line 101-103 Operating Forms/Obsolete/8.2.2.1.6 101 Schedule Template (Ver 3).xlsx,8.2.2.1.6,8.2.2.1.6 101 Schedule Template (Ver 3).xlsx,DOCUMENT CONTROL,Line 101-103,,xlsx,Readable,2024-06-04T20:04:01Z,122.6,11,True,False,False,False,,
8.2.2.1 Line 101-103 Operating Forms/Obsolete/8.2.2.1.6 101 Schedule Template (Ver 4).xlsx,8.2.2.1.6,8.2.2.1.6 101 Schedule Template (Ver 4).xlsx,DOCUMENT CONTROL,Line 101-103,,xlsx,Readable,2025-05-30T19:24:16Z,127.2,11,True,False,False,False,,
8.2.2.1 Line 101-103 Operating Forms/Obsolete/8.2.2.1.6 101 Schedule Template.xlsx,8.2.2.1.6,8.2.2.1.6 101 Schedule Template.xlsx,DOCUMENT CONTROL,Line 101-103,,xlsx,Readable,2024-01-07T16:17:03Z,130.4,11,True,False,False,True,,
8.2.2.1 Line 101-103 Operating Forms/Obsolete/8.2.2.2.43 Truck Load Sheet.xls,8.2.2.2.43,8.2.2.2.43 Truck Load Sheet.xls,DOCUMENT CONTROL,Line 101-103,,xls,Readable,2023-02-20T15:28:30Z,66.0,3,True,False,False,True,,
8.2.2.1 Line 101-103 Operating Forms/Obsolete/8.2.2.3.2 Load Sheet.xlsx,8.2.2.3.2,8.2.2.3.2 Load Sheet.xlsx,DOCUMENT CONTROL,Line 101-103,,xlsx,Readable,2023-05-17T15:48:33Z,20.6,2,True,False,False,True,,
8.2.2.1 Line 101-103 Operating Forms/Obsolete/Old Copy of 101-103 Weekly Burn Off Tracker.pdf,,Old Copy of 101-103 Weekly Burn Off Tracker.pdf,DOCUMENT CONTROL,Line 101-103,,pdf,Readable,2023-07-18T17:22:09Z,290.1,0,True,False,False,True,,
8.2.2.1 Line 101-103 Operating Forms/Review and Update/8.2.2.1.4 Monthly Paint Booth Cleaning Schedule.xls,8.2.2.1.4,8.2.2.1.4 Monthly Paint Booth Cleaning Schedule.xls,DOCUMENT CONTROL,Line 101-103,,xls,Readable,2020-08-24T12:42:21Z,76.5,3,True,False,False,True,,
8.2.2.1 Line 101-103 Operating Forms/Review and Update/8.2.2.1.5 Daily Paint Booth Cleaning Schedule.xls,8.2.2.1.5,8.2.2.1.5 Daily Paint Booth Cleaning Schedule.xls,DOCUMENT CONTROL,Line 101-103,,xls,Readable,2016-10-07T13:35:54Z,68.0,2,True,False,False,True,,
8.2.2.1 Line 101-103 Operating Forms/Review and Update/Night Shift Cleaning.xlsx,,Night Shift Cleaning.xlsx,DOCUMENT CONTROL,Line 101-103,,xlsx,Readable,2023-06-14T18:40:21Z,17.9,3,True,False,False,True,,
8.2.2.2 Line 102 Operating Forms/8.2.2.2.1 102 Line Paint Production Tracking.xlsx,8.2.2.2.1,8.2.2.2.1 102 Line Paint Production Tracking.xlsx,PRODUCTION TRACKING,Line 102,,xlsx,Readable,2024-06-25T12:14:23Z,23.3,1,False,True,False,False,,
8.2.2.2 Line 102 Operating Forms/8.2.2.2.10 102 Maintenance Log.xlsx,8.2.2.2.10,8.2.2.2.10 102 Maintenance Log.xlsx,MAINTENANCE / PM,Line 102,,xlsx,Readable,2025-12-10T14:37:08Z,18.2,2,False,True,False,False,,
8.2.2.2 Line 102 Operating Forms/8.2.2.2.17 Approved Tag Tracking.xlsx,8.2.2.2.17,8.2.2.2.17 Approved Tag Tracking.xlsx,PACKAGING / SHIPPING,Line 102,,xlsx,Readable,2018-11-30T19:28:52Z,3297.3,2,False,False,True,True,,
8.2.2.2 Line 102 Operating Forms/8.2.2.2.3 102 Line Paint Schedule Template.xlsx,8.2.2.2.3,8.2.2.2.3 102 Line Paint Schedule Template.xlsx,PRODUCTION TRACKING,Line 102,,xlsx,Readable,2025-03-25T17:20:14Z,104.9,9,False,True,False,False,,
8.2.2.2 Line 102 Operating Forms/8.2.2.2.4 102 Line Loaded Parts Tracking.xlsx,8.2.2.2.4,8.2.2.2.4 102 Line Loaded Parts Tracking.xlsx,PRODUCTION TRACKING,Line 102,,xlsx,Readable,2024-01-08T20:30:21Z,24.1,1,False,True,False,True,,
8.2.2.2 Line 102 Operating Forms/8.2.2.2.6 Line 102 Programs.xlsx,8.2.2.2.6,8.2.2.2.6 Line 102 Programs.xlsx,PROCESS CONTROL,Line 102,,xlsx,Readable,2025-10-17T14:25:35Z,13.6,1,False,True,False,False,,
8.2.2.2 Line 102 Operating Forms/8.2.2.2.7 102 Line Operating Form.xlsm,8.2.2.2.7,8.2.2.2.7 102 Line Operating Form.xlsm,PROCESS CONTROL,Line 102,,xlsm,Readable,2025-01-07T18:50:05Z,52.5,4,False,True,False,False,,
8.2.2.2 Line 102 Operating Forms/8.2.2.2.8 Line 102 Robot Operator Maintenance.xlsx,8.2.2.2.8,8.2.2.2.8 Line 102 Robot Operator Maintenance.xlsx,MAINTENANCE / PM,Line 102,,xlsx,Readable,2025-12-10T14:24:21Z,16.6,1,False,True,False,False,,
8.2.2.2 Line 102 Operating Forms/8.2.2.2.9 102 TPM Checklist.xlsx,8.2.2.2.9,8.2.2.2.9 102 TPM Checklist.xlsx,PROCESS CONTROL,Line 102,,xlsx,Readable,2025-12-10T14:31:59Z,15.6,1,False,True,False,False,,
8.2.2.2 Line 102 Operating Forms/Obsolete/102 Line Loaded Parts Tracking Test File.xlsx,,102 Line Loaded Parts Tracking Test File.xlsx,DOCUMENT CONTROL,Line 102,,xlsx,Readable,2021-09-28T12:09:09Z,31.3,2,True,False,False,True,,
8.2.2.2 Line 102 Operating Forms/Obsolete/102 Line Paint Schedule Template.xlsx,,102 Line Paint Schedule Template.xlsx,DOCUMENT CONTROL,Line 102,,xlsx,Readable,2023-04-21T14:21:16Z,100.5,9,True,False,False,True,,
8.2.2.2 Line 102 Operating Forms/Obsolete/8.2.2.2.1 102 Line Paint Production Tracking(v2).xlsx,8.2.2.2.1,8.2.2.2.1 102 Line Paint Production Tracking(v2).xlsx,DOCUMENT CONTROL,Line 102,,xlsx,Readable,2023-09-06T17:57:50Z,28.8,3,True,False,False,True,,
8.2.2.2 Line 102 Operating Forms/Obsolete/8.2.2.2.1 102 Line Paint Production Tracking(v3).xlsx,8.2.2.2.1,8.2.2.2.1 102 Line Paint Production Tracking(v3).xlsx,DOCUMENT CONTROL,Line 102,,xlsx,Readable,2024-06-12T17:46:47Z,23.1,1,True,False,False,False,,
8.2.2.2 Line 102 Operating Forms/Obsolete/8.2.2.2.1 102 Line Paint Production Tracking.xlsx,8.2.2.2.1,8.2.2.2.1 102 Line Paint Production Tracking.xlsx,DOCUMENT CONTROL,Line 102,,xlsx,Readable,2024-06-17T15:10:36Z,23.1,1,True,False,False,False,,
8.2.2.2 Line 102 Operating Forms/Obsolete/8.2.2.2.3 102 Line Paint Schedule.xlsx,8.2.2.2.3,8.2.2.2.3 102 Line Paint Schedule.xlsx,DOCUMENT CONTROL,Line 102,,xlsx,Readable,2024-01-07T16:06:42Z,104.4,9,True,False,False,True,,
8.2.2.2 Line 102 Operating Forms/Obsolete/8.2.2.2.5 102 Rack Burn Off Tracker.xlsx,8.2.2.2.5,8.2.2.2.5 102 Rack Burn Off Tracker.xlsx,DOCUMENT CONTROL,Line 102,,xlsx,Readable,2024-01-08T18:43:38Z,46.2,1,True,False,False,True,,
8.2.2.2 Line 102 Operating Forms/Obsolete/8.2.2.2.8 Line 102 Robot Operator Maintenance.xlsx,8.2.2.2.8,8.2.2.2.8 Line 102 Robot Operator Maintenance.xlsx,DOCUMENT CONTROL,Line 102,,xlsx,Readable,2025-01-20T14:30:11Z,16.6,1,True,False,False,False,,
8.2.2.2 Line 102 Operating Forms/Obsolete/8.2.2.4.10 102 Line Paint Production Tracking and Line Paint Tracking Sheet.pdf,8.2.2.4.10,8.2.2.4.10 102 Line Paint Production Tracking and Line Paint Tracking Sheet.pdf,DOCUMENT CONTROL,Line 102,,pdf,Readable,2021-10-01T12:45:51Z,145.3,0,True,False,False,True,,
8.2.2.2 Line 102 Operating Forms/Obsolete/8.2.2.4.2 102 Line Paint Production Tracking.xlsx,8.2.2.4.2,8.2.2.4.2 102 Line Paint Production Tracking.xlsx,DOCUMENT CONTROL,Line 102,,xlsx,Readable,2022-02-24T19:37:10Z,47.7,4,True,False,False,True,,
8.2.2.2 Line 102 Operating Forms/Obsolete/8.2.2.4.4 102 Line Loaded Parts Tracking.xlsx,8.2.2.4.4,8.2.2.4.4 102 Line Loaded Parts Tracking.xlsx,DOCUMENT CONTROL,Line 102,,xlsx,Readable,2024-01-08T18:53:36Z,12.1,1,True,False,False,True,,
8.2.2.2 Line 102 Operating Forms/Obsolete/Night Shift Cleaning 102.xlsx,,Night Shift Cleaning 102.xlsx,DOCUMENT CONTROL,Line 102,,xlsx,Readable,2023-06-09T17:13:07Z,11.0,1,True,False,False,True,,
8.2.2.3 Production Forms by Customer/8.2.2.3.2 Rollstamp/8.2.2.3.2.1 Rollstamp BMW G07 Inspection.xlsx,8.2.2.3.2.1,8.2.2.3.2.1 Rollstamp BMW G07 Inspection.xlsx,QUALITY INSPECTION,Customer-Specific,Rollstamp,xlsx,Readable,2026-02-17T14:12:11Z,15.2,1,False,True,False,False,,
8.2.2.3 Production Forms by Customer/8.2.2.3.2 Rollstamp/Obsolete/8.2.2.2.29 BMW Inspection.xlsx,8.2.2.2.29,8.2.2.2.29 BMW Inspection.xlsx,DOCUMENT CONTROL,Customer-Specific,Rollstamp,xlsx,Readable,2021-05-20T11:13:29Z,19.0,3,True,False,False,True,,
8.2.2.3 Production Forms by Customer/8.2.2.3.2 Rollstamp/Obsolete/8.2.2.2.41 Tesla REVISED.xlsx,8.2.2.2.41,8.2.2.2.41 Tesla REVISED.xlsx,DOCUMENT CONTROL,Customer-Specific,Rollstamp,xlsx,Readable,2024-05-10T18:54:12Z,14.3,2,True,False,False,False,,
8.2.2.3 Production Forms by Customer/8.2.2.3.2 Rollstamp/Obsolete/8.2.2.2.41 Tesla.xlsx,8.2.2.2.41,8.2.2.2.41 Tesla.xlsx,DOCUMENT CONTROL,Customer-Specific,Rollstamp,xlsx,Readable,2023-01-02T19:11:52Z,15.6,2,True,False,False,True,,
8.2.2.3 Production Forms by Customer/8.2.2.3.2 Rollstamp/Obsolete/8.2.2.2.42 Tesla Buff Inspection revised.xlsx,8.2.2.2.42,8.2.2.2.42 Tesla Buff Inspection revised.xlsx,DOCUMENT CONTROL,Customer-Specific,Rollstamp,xlsx,Readable,2023-06-09T14:19:57Z,16.1,2,True,False,False,True,,
8.2.2.3 Production Forms by Customer/8.2.2.3.2 Rollstamp/Obsolete/8.2.2.2.42 Tesla Buff Inspection.xlsx,8.2.2.2.42,8.2.2.2.42 Tesla Buff Inspection.xlsx,DOCUMENT CONTROL,Customer-Specific,Rollstamp,xlsx,Readable,2023-01-02T19:15:57Z,15.6,2,True,False,False,True,,
8.2.2.3 Production Forms by Customer/8.2.2.3.2 Rollstamp/Obsolete/8.2.2.2.43 Tesla GP12 Inspection revised.xlsx,8.2.2.2.43,8.2.2.2.43 Tesla GP12 Inspection revised.xlsx,DOCUMENT CONTROL,Customer-Specific,Rollstamp,xlsx,Readable,2023-06-09T13:59:17Z,14.6,2,True,False,False,True,,
8.2.2.3 Production Forms by Customer/8.2.2.3.2 Rollstamp/Obsolete/8.2.2.2.43 Tesla GP12 Inspection.xlsx,8.2.2.2.43,8.2.2.2.43 Tesla GP12 Inspection.xlsx,DOCUMENT CONTROL,Customer-Specific,Rollstamp,xlsx,Readable,2023-03-02T15:37:52Z,15.6,2,True,False,False,True,,
8.2.2.3 Production Forms by Customer/8.2.2.3.2 Rollstamp/Obsolete/8.2.2.3.2.1 BMW Inspection.xlsx,8.2.2.3.2.1,8.2.2.3.2.1 BMW Inspection.xlsx,DOCUMENT CONTROL,Customer-Specific,Rollstamp,xlsx,Readable,2023-10-26T12:07:48Z,19.6,3,True,False,False,True,,
8.2.2.3 Production Forms by Customer/8.2.2.3.2 Rollstamp/Obsolete/8.2.2.3.2.1 Rollstamp BMW G07 Inspection(V2).xlsx,8.2.2.3.2.1,8.2.2.3.2.1 Rollstamp BMW G07 Inspection(V2).xlsx,DOCUMENT CONTROL,Customer-Specific,Rollstamp,xlsx,Readable,2024-09-04T20:13:54Z,14.4,1,True,False,False,False,,
8.2.2.3 Production Forms by Customer/8.2.2.3.2 Rollstamp/Obsolete/8.2.2.3.2.1 Rollstamp BMW G07 Inspection.xlsx,8.2.2.3.2.1,8.2.2.3.2.1 Rollstamp BMW G07 Inspection.xlsx,DOCUMENT CONTROL,Customer-Specific,Rollstamp,xlsx,Readable,2023-12-15T16:49:19Z,14.0,1,True,False,False,True,,
8.2.2.3 Production Forms by Customer/8.2.2.3.2 Rollstamp/Obsolete/8.2.2.3.2.2 Rollstamp Tesla Inspection .xlsx,8.2.2.3.2.2,8.2.2.3.2.2 Rollstamp Tesla Inspection .xlsx,DOCUMENT CONTROL,Customer-Specific,Rollstamp,xlsx,Readable,2024-09-05T19:44:44Z,14.9,2,True,False,False,False,,
8.2.2.3 Production Forms by Customer/8.2.2.3.2 Rollstamp/Obsolete/8.5.2.35 Part Identification - G07 RDM.xlsx,8.5.2.35,8.5.2.35 Part Identification - G07 RDM.xlsx,DOCUMENT CONTROL,Customer-Specific,Rollstamp,xlsx,Readable,2019-03-26T12:19:00Z,7560.8,1,True,False,False,True,,
8.2.2.3 Production Forms by Customer/8.2.2.3.3 Mytox/8.2.2.3.3.2 Mytox Inspection.xls,8.2.2.3.3.2,8.2.2.3.3.2 Mytox Inspection.xls,QUALITY INSPECTION,Customer-Specific,Mytox,xls,Readable,2024-10-10T10:26:15Z,31.0,1,False,True,False,False,,
8.2.2.3 Production Forms by Customer/8.2.2.3.3 Mytox/Obsolete/8.2.2.2.15 Mytox.xls,8.2.2.2.15,8.2.2.2.15 Mytox.xls,DOCUMENT CONTROL,Customer-Specific,Mytox,xls,Readable,2021-11-10T12:53:56Z,60.5,4,True,False,False,True,,
8.2.2.3 Production Forms by Customer/8.2.2.3.3 Mytox/Obsolete/8.2.2.2.24 Mytox - Buff Inspect.xls,8.2.2.2.24,8.2.2.2.24 Mytox - Buff Inspect.xls,DOCUMENT CONTROL,Customer-Specific,Mytox,xls,Readable,2023-06-09T11:19:20Z,25.5,1,True,False,False,True,,
8.2.2.3 Production Forms by Customer/8.2.2.3.3 Mytox/Obsolete/8.2.2.3.3.1 Mytox GP-12 Tote Count for Shipment.xlsx,8.2.2.3.3.1,8.2.2.3.3.1 Mytox GP-12 Tote Count for Shipment.xlsx,DOCUMENT CONTROL,Customer-Specific,Mytox,xlsx,Readable,2024-06-17T20:23:41Z,22.3,1,True,False,False,False,,
8.2.2.3 Production Forms by Customer/8.2.2.3.4 Laval Tool/8.2.2.3.4.1 Laval Tool Inspection.xlsx,8.2.2.3.4.1,8.2.2.3.4.1 Laval Tool Inspection.xlsx,QUALITY INSPECTION,Customer-Specific,Laval Tool,xlsx,Readable,2024-09-04T20:19:00Z,16.0,1,False,True,False,False,,
8.2.2.3 Production Forms by Customer/8.2.2.3.4 Laval Tool/8.2.2.3.4.2 Laval Tool Buff Inspection.xlsx,8.2.2.3.4.2,8.2.2.3.4.2 Laval Tool Buff Inspection.xlsx,QUALITY INSPECTION,Customer-Specific,Laval Tool,xlsx,Readable,2024-05-10T19:53:24Z,22.1,2,False,True,False,False,,
8.2.2.3 Production Forms by Customer/8.2.2.3.4 Laval Tool/Obsolete/8.2.2.2.37 Laval Tool Inspection.xlsx,8.2.2.2.37,8.2.2.2.37 Laval Tool Inspection.xlsx,DOCUMENT CONTROL,Customer-Specific,Laval Tool,xlsx,Readable,2021-07-22T13:50:35Z,22.8,2,True,False,False,True,,
8.2.2.3 Production Forms by Customer/8.2.2.3.4 Laval Tool/Obsolete/8.2.2.3.4.1 Laval Tool Inspection.xlsx,8.2.2.3.4.1,8.2.2.3.4.1 Laval Tool Inspection.xlsx,DOCUMENT CONTROL,Customer-Specific,Laval Tool,xlsx,Readable,2024-05-10T19:08:52Z,22.1,2,True,False,False,False,,
8.2.2.3 Production Forms by Customer/8.2.2.3.5 Metelix/8.2.2.3.5.1 Metelix Inspection.xlsx,8.2.2.3.5.1,8.2.2.3.5.1 Metelix Inspection.xlsx,QUALITY INSPECTION,Customer-Specific,Metelix,xlsx,Readable,2025-01-31T14:34:15Z,25.4,1,False,True,False,False,,
8.2.2.3 Production Forms by Customer/8.2.2.3.5 Metelix/8.2.2.3.5.2 Metelix Buff Inspection.xlsx,8.2.2.3.5.2,8.2.2.3.5.2 Metelix Buff Inspection.xlsx,QUALITY INSPECTION,Customer-Specific,Metelix,xlsx,Readable,2025-05-27T12:01:54Z,25.1,1,False,True,False,False,,
8.2.2.3 Production Forms by Customer/8.2.2.3.5 Metelix/8.2.2.3.5.3 Metelix Moulding-Sanding Inspection.xlsx,8.2.2.3.5.3,8.2.2.3.5.3 Metelix Moulding-Sanding Inspection.xlsx,QUALITY INSPECTION,Customer-Specific,Metelix,xlsx,Readable,2025-07-01T17:18:15Z,24.6,1,False,True,False,False,,
8.2.2.3 Production Forms by Customer/8.2.2.3.5 Metelix/8.2.2.3.5.4 Metelix Hummer Painted Inspection.xlsx,8.2.2.3.5.4,8.2.2.3.5.4 Metelix Hummer Painted Inspection.xlsx,QUALITY INSPECTION,Customer-Specific,Metelix,xlsx,Readable,2026-02-10T12:29:19Z,25.5,1,False,True,False,False,,
8.2.2.3 Production Forms by Customer/8.2.2.3.5 Metelix/8.2.2.3.5.5 Metelix Hummer Spoiler Application Tracker.xlsx,8.2.2.3.5.5,8.2.2.3.5.5 Metelix Hummer Spoiler Application Tracker.xlsx,PRODUCTION TRACKING,Customer-Specific,Metelix,xlsx,Readable,2024-12-04T15:48:21Z,27.1,1,False,True,False,False,,
8.2.2.3 Production Forms by Customer/8.2.2.3.5 Metelix/8.2.2.3.5.6 Metelix Y2XX Highwing Painted Inspection.xlsx,8.2.2.3.5.6,8.2.2.3.5.6 Metelix Y2XX Highwing Painted Inspection.xlsx,QUALITY INSPECTION,Customer-Specific,Metelix,xlsx,Readable,2025-07-17T18:44:04Z,25.9,1,False,True,False,False,,
8.2.2.3 Production Forms by Customer/8.2.2.3.5 Metelix/Obsolete/8.2.2.3.5.1 Metelix Inspection.xlsx,8.2.2.3.5.1,8.2.2.3.5.1 Metelix Inspection.xlsx,DOCUMENT CONTROL,Customer-Specific,Metelix,xlsx,Readable,2024-12-05T17:48:25Z,25.4,1,True,False,False,False,,
8.2.2.3 Production Forms by Customer/8.2.2.3.5 Metelix/Obsolete/8.2.2.3.5.4 Metelix Hummer Painted Inspection.xlsx,8.2.2.3.5.4,8.2.2.3.5.4 Metelix Hummer Painted Inspection.xlsx,DOCUMENT CONTROL,Customer-Specific,Metelix,xlsx,Readable,2024-11-26T14:19:43Z,26.2,1,True,False,False,False,,
8.2.2.3 Production Forms by Customer/8.2.2.3.6 KB Components/8.2.2.3.6.1 KB Components Inspection Sheet.xlsx,8.2.2.3.6.1,8.2.2.3.6.1 KB Components Inspection Sheet.xlsx,QUALITY INSPECTION,Customer-Specific,KB Components,xlsx,Readable,2026-01-30T14:47:20Z,15.6,1,False,True,False,False,,
8.2.2.3 Production Forms by Customer/8.2.2.3.6 KB Components/8.2.2.3.6.2 KB Components Buffing Inspection Sheet.xlsx,8.2.2.3.6.2,8.2.2.3.6.2 KB Components Buffing Inspection Sheet.xlsx,QUALITY INSPECTION,Customer-Specific,KB Components,xlsx,Readable,2025-04-23T19:23:15Z,15.6,1,False,True,False,False,,
8.2.2.3 Production Forms by Customer/8.2.2.3.6 KB Components/Obsolete/8.2.2.3.6.1 KB Components Inspection Sheet.xlsx,8.2.2.3.6.1,8.2.2.3.6.1 KB Components Inspection Sheet.xlsx,DOCUMENT CONTROL,Customer-Specific,KB Components,xlsx,Readable,2025-04-23T19:23:28Z,15.5,1,True,False,False,False,,
8.2.2.3 Production Forms by Customer/8.2.2.3.7 Polycon/8.2.2.3.7.1 Tesla Buff Inspection.xlsx,8.2.2.3.7.1,8.2.2.3.7.1 Tesla Buff Inspection.xlsx,QUALITY INSPECTION,Customer-Specific,Polycon,xlsx,Readable,2025-04-23T17:53:43Z,16.6,2,False,True,False,False,,
8.2.2.3 Production Forms by Customer/8.2.2.3.7 Polycon/8.2.2.3.7.2 Tesla Inspection.xlsx,8.2.2.3.7.2,8.2.2.3.7.2 Tesla Inspection.xlsx,QUALITY INSPECTION,Customer-Specific,Polycon,xlsx,Readable,2026-01-08T15:27:21Z,15.6,2,False,True,False,False,,
8.2.2.3 Production Forms by Customer/8.2.2.3.7 Polycon/8.2.2.3.7.3 Tesla GP12 Inspection.xlsx,8.2.2.3.7.3,8.2.2.3.7.3 Tesla GP12 Inspection.xlsx,GP-12 / CONTAINMENT,Customer-Specific,Polycon,xlsx,Readable,2025-04-23T18:00:05Z,15.2,2,False,True,False,False,,
8.2.2.3 Production Forms by Customer/8.2.2.3.7 Polycon/Obsolete/8.2.2.3.7.2 Tesla Inspection.xlsx,8.2.2.3.7.2,8.2.2.3.7.2 Tesla Inspection.xlsx,DOCUMENT CONTROL,Customer-Specific,Polycon,xlsx,Readable,2025-04-23T17:56:15Z,15.2,2,True,False,False,False,,
8.2.2.3 Production Forms by Customer/Misc/8.2.2.2.16 Misc Customers.xls,8.2.2.2.16,8.2.2.2.16 Misc Customers.xls,QUALITY INSPECTION,Customer-Specific,Misc,xls,Readable,2020-03-17T19:50:55Z,38.0,3,False,True,False,True,,
8.2.2.3 Production Forms by Customer/Obsolete/Falcon Lakeside/8.5.2.34 Part Identification - Falcon Lakeside.xlsx,8.5.2.34,8.5.2.34 Part Identification - Falcon Lakeside.xlsx,DOCUMENT CONTROL,Customer-Specific,Falcon Lakeside,xlsx,Readable,2021-03-08T21:10:11Z,6854.1,1,True,False,False,True,,
8.2.2.3 Production Forms by Customer/Obsolete/Manterra/8.2.2.2.28  Seastar-Manterra-Vario Systems.xls,8.2.2.2.28,8.2.2.2.28  Seastar-Manterra-Vario Systems.xls,DOCUMENT CONTROL,Customer-Specific,Manterra,xls,Readable,2019-06-28T14:40:19Z,554.0,3,True,False,False,True,,
8.2.2.3 Production Forms by Customer/Obsolete/Metelix/8.2.2.2.33 RS SPOILER.xlsx,8.2.2.2.33,8.2.2.2.33 RS SPOILER.xlsx,DOCUMENT CONTROL,Customer-Specific,Metelix,xlsx,Readable,2023-11-08T13:21:28Z,15.0,2,True,False,False,True,,
8.2.2.3 Production Forms by Customer/Obsolete/Metelix/8.2.2.2.34 RS SPOILER BUFF INSPECTION.xlsx,8.2.2.2.34,8.2.2.2.34 RS SPOILER BUFF INSPECTION.xlsx,DOCUMENT CONTROL,Customer-Specific,Metelix,xlsx,Readable,2023-04-18T16:45:34Z,15.2,2,True,False,False,True,,
8.2.2.3 Production Forms by Customer/Obsolete/Metelix/8.5.2.40 Plugging Camaro RS Spoilers.xlsx,8.5.2.40,8.5.2.40 Plugging Camaro RS Spoilers.xlsx,DOCUMENT CONTROL,Customer-Specific,Metelix,xlsx,Readable,2021-03-04T15:44:15Z,36099.8,3,True,False,False,True,,
8.2.2.3 Production Forms by Customer/Obsolete/Mitchell/8.5.2.42 Inspection Criteria Mitchell Plastics.xlsx,8.5.2.42,8.5.2.42 Inspection Criteria Mitchell Plastics.xlsx,DOCUMENT CONTROL,Customer-Specific,Mitchell Plastics,xlsx,Readable,2021-01-14T02:38:46Z,3489.6,2,True,False,False,True,,
8.2.2.3 Production Forms by Customer/Obsolete/Obsolete 2025/8.2.2.3.1 BRP/8.2.2.3.1.1 Spyder Buff Inspect.xlsx,8.2.2.3.1.1,8.2.2.3.1.1 Spyder Buff Inspect.xlsx,DOCUMENT CONTROL,Customer-Specific,BRP,xlsx,Readable,2024-05-10T19:35:05Z,27.1,1,True,False,False,False,,
8.2.2.3 Production Forms by Customer/Obsolete/Obsolete 2025/8.2.2.3.1 BRP/8.2.2.3.1.2 Spyder - Deep Black.xlsx,8.2.2.3.1.2,8.2.2.3.1.2 Spyder - Deep Black.xlsx,DOCUMENT CONTROL,Customer-Specific,BRP,xlsx,Readable,2024-09-04T20:00:01Z,14.8,1,True,False,False,False,,
8.2.2.3 Production Forms by Customer/Obsolete/Obsolete 2025/8.2.2.3.1 BRP/8.2.2.3.1.3 Spyder Vegas White.xlsx,8.2.2.3.1.3,8.2.2.3.1.3 Spyder Vegas White.xlsx,DOCUMENT CONTROL,Customer-Specific,BRP,xlsx,Readable,2025-04-01T12:19:52Z,13.6,1,True,False,False,False,,
8.2.2.3 Production Forms by Customer/Obsolete/Obsolete 2025/8.2.2.3.1 BRP/8.2.2.3.1.4 Spyder - Hyper Silver.xlsx,8.2.2.3.1.4,8.2.2.3.1.4 Spyder - Hyper Silver.xlsx,DOCUMENT CONTROL,Customer-Specific,BRP,xlsx,Readable,2024-09-04T20:06:01Z,16.5,1,True,False,False,False,,
8.2.2.3 Production Forms by Customer/Obsolete/Obsolete 2025/8.2.2.3.1 BRP/8.2.2.3.1.5 Spyder - Satin Vegas White.xlsx,8.2.2.3.1.5,8.2.2.3.1.5 Spyder - Satin Vegas White.xlsx,DOCUMENT CONTROL,Customer-Specific,BRP,xlsx,Readable,2023-12-21T19:07:25Z,17.9,1,True,False,False,True,,
8.2.2.3 Production Forms by Customer/Obsolete/Obsolete 2025/8.2.2.3.1 BRP/8.2.2.3.1.5 Spyder- British Green.xlsx,8.2.2.3.1.5,8.2.2.3.1.5 Spyder- British Green.xlsx,DOCUMENT CONTROL,Customer-Specific,BRP,xlsx,Readable,2024-09-04T20:08:07Z,14.0,1,True,False,False,False,,
8.2.2.3 Production Forms by Customer/Obsolete/Obsolete 2025/8.2.2.3.1 BRP/8.2.2.3.1.6 Truck Load Sheet.xlsx,8.2.2.3.1.6,8.2.2.3.1.6 Truck Load Sheet.xlsx,DOCUMENT CONTROL,Customer-Specific,BRP,xlsx,Readable,2024-05-30T17:38:35Z,27.2,2,True,False,False,False,,
8.2.2.3 Production Forms by Customer/Obsolete/Obsolete 2025/8.2.2.3.1 BRP/8.2.2.3.1.7 BRP production actual-vs-target.xlsx,8.2.2.3.1.7,8.2.2.3.1.7 BRP production actual-vs-target.xlsx,DOCUMENT CONTROL,Customer-Specific,BRP,xlsx,Readable,2025-01-02T15:38:11Z,53.8,3,True,False,False,False,,
8.2.2.3 Production Forms by Customer/Obsolete/Obsolete 2025/8.2.2.3.1 BRP/Obsolete/8.2.2.1.2 Truck Load Sheet.xls,8.2.2.1.2,8.2.2.1.2 Truck Load Sheet.xls,DOCUMENT CONTROL,Customer-Specific,BRP,xls,Readable,2024-05-03T19:36:32Z,111.5,3,True,False,False,False,,
8.2.2.3 Production Forms by Customer/Obsolete/Obsolete 2025/8.2.2.3.1 BRP/Obsolete/8.2.2.2.18 Spyder Buff Inspect.xls,8.2.2.2.18,8.2.2.2.18 Spyder Buff Inspect.xls,DOCUMENT CONTROL,Customer-Specific,BRP,xls,Readable,2023-03-02T13:20:57Z,64.0,3,True,False,False,True,,
8.2.2.3 Production Forms by Customer/Obsolete/Obsolete 2025/8.2.2.3.1 BRP/Obsolete/8.2.2.2.19 Spyder Vegas White.xlsx,8.2.2.2.19,8.2.2.2.19 Spyder Vegas White.xlsx,DOCUMENT CONTROL,Customer-Specific,BRP,xlsx,Readable,2022-02-17T12:33:53Z,20.7,2,True,False,False,True,,
8.2.2.3 Production Forms by Customer/Obsolete/Obsolete 2025/8.2.2.3.1 BRP/Obsolete/8.2.2.2.32 Spyder - Deep Black.xlsx,8.2.2.2.32,8.2.2.2.32 Spyder - Deep Black.xlsx,DOCUMENT CONTROL,Customer-Specific,BRP,xlsx,Readable,2022-03-07T18:01:56Z,19.5,2,True,False,False,True,,
8.2.2.3 Production Forms by Customer/Obsolete/Obsolete 2025/8.2.2.3.1 BRP/Obsolete/8.2.2.2.39 Spyder 2022 - Hyper Silver.xlsx,8.2.2.2.39,8.2.2.2.39 Spyder 2022 - Hyper Silver.xlsx,DOCUMENT CONTROL,Customer-Specific,BRP,xlsx,Readable,2022-03-07T18:17:56Z,30.1,4,True,False,False,True,,
8.2.2.3 Production Forms by Customer/Obsolete/Obsolete 2025/8.2.2.3.1 BRP/Obsolete/8.2.2.2.40 Spyder 2022 - Shadow Green.xlsx,8.2.2.2.40,8.2.2.2.40 Spyder 2022 - Shadow Green.xlsx,DOCUMENT CONTROL,Customer-Specific,BRP,xlsx,Readable,2022-08-11T14:30:39Z,30.7,4,True,False,False,True,,
8.2.2.3 Production Forms by Customer/Obsolete/Obsolete 2025/8.2.2.3.1 BRP/Obsolete/8.2.2.3.1.1 Spyder Buff Inspect.xls,8.2.2.3.1.1,8.2.2.3.1.1 Spyder Buff Inspect.xls,DOCUMENT CONTROL,Customer-Specific,BRP,xls,Readable,2023-08-25T20:18:12Z,44.5,2,True,False,False,True,,
8.2.2.3 Production Forms by Customer/Obsolete/Obsolete 2025/8.2.2.3.1 BRP/Obsolete/8.2.2.3.1.1 Spyder Buff Inspect.xlsx,8.2.2.3.1.1,8.2.2.3.1.1 Spyder Buff Inspect.xlsx,DOCUMENT CONTROL,Customer-Specific,BRP,xlsx,Readable,2024-01-02T14:22:58Z,26.4,1,True,False,False,True,,
8.2.2.3 Production Forms by Customer/Obsolete/Obsolete 2025/8.2.2.3.1 BRP/Obsolete/8.2.2.3.1.2 Spyder - Deep Black(v2).xlsx,8.2.2.3.1.2,8.2.2.3.1.2 Spyder - Deep Black(v2).xlsx,DOCUMENT CONTROL,Customer-Specific,BRP,xlsx,Readable,2024-04-30T17:38:14Z,14.4,1,True,False,False,False,,
8.2.2.3 Production Forms by Customer/Obsolete/Obsolete 2025/8.2.2.3.1 BRP/Obsolete/8.2.2.3.1.2 Spyder - Deep Black.xlsx,8.2.2.3.1.2,8.2.2.3.1.2 Spyder - Deep Black.xlsx,DOCUMENT CONTROL,Customer-Specific,BRP,xlsx,Readable,2023-12-20T01:15:27Z,13.7,1,True,False,False,True,,
8.2.2.3 Production Forms by Customer/Obsolete/Obsolete 2025/8.2.2.3.1 BRP/Obsolete/8.2.2.3.1.3 Spyder Vegas White(v2).xlsx,8.2.2.3.1.3,8.2.2.3.1.3 Spyder Vegas White(v2).xlsx,DOCUMENT CONTROL,Customer-Specific,BRP,xlsx,Readable,2023-08-25T19:51:48Z,20.3,2,True,False,False,True,,
8.2.2.3 Production Forms by Customer/Obsolete/Obsolete 2025/8.2.2.3.1 BRP/Obsolete/8.2.2.3.1.4 Spyder - Hyper Silver(v2).xlsx,8.2.2.3.1.4,8.2.2.3.1.4 Spyder - Hyper Silver(v2).xlsx,DOCUMENT CONTROL,Customer-Specific,BRP,xlsx,Readable,2023-08-25T19:58:28Z,29.8,4,True,False,False,True,,
8.2.2.3 Production Forms by Customer/Obsolete/Obsolete 2025/8.2.2.3.1 BRP/Obsolete/8.2.2.3.1.5 Spyder- British Green .xlsx,8.2.2.3.1.5,8.2.2.3.1.5 Spyder- British Green .xlsx,DOCUMENT CONTROL,Customer-Specific,BRP,xlsx,Readable,2024-04-26T19:49:09Z,13.6,1,True,False,False,False,,
8.2.2.3 Production Forms by Customer/Obsolete/Obsolete 2025/8.2.2.3.1 BRP/Obsolete/8.5.2.23 Quality Specs & Testing Spyder.xlsx,8.5.2.23,8.5.2.23 Quality Specs & Testing Spyder.xlsx,DOCUMENT CONTROL,Customer-Specific,BRP,xlsx,Readable,2017-01-05T18:46:03Z,28.7,3,True,False,False,True,,
8.2.2.3 Production Forms by Customer/Obsolete/Obsolete 2025/8.2.2.3.1 BRP/Obsolete/8.5.2.33 Spyder Fender Paint Soak.xlsx,8.5.2.33,8.5.2.33 Spyder Fender Paint Soak.xlsx,DOCUMENT CONTROL,Customer-Specific,BRP,xlsx,Readable,2023-06-13T18:18:49Z,354.4,1,True,False,False,True,,
8.2.2.3 Production Forms by Customer/Obsolete/Obsolete 2025/8.2.2.3.1 BRP/Obsolete/8.5.2.38 Part Orientation Spyder R66.xlsx,8.5.2.38,8.5.2.38 Part Orientation Spyder R66.xlsx,DOCUMENT CONTROL,Customer-Specific,BRP,xlsx,Readable,2023-06-13T18:22:57Z,514.2,2,True,False,False,True,,
8.2.2.3 Production Forms by Customer/Obsolete/Obsolete 2025/8.2.2.3.1 BRP/Obsolete/8.5.2.47 SPYDER Master Part List MY23.xls,8.5.2.47,8.5.2.47 SPYDER Master Part List MY23.xls,DOCUMENT CONTROL,Customer-Specific,BRP,xls,Readable,2023-09-20T14:11:08Z,3013.5,2,True,False,False,True,,
8.2.2.4 Shipping Forms/8.2.2.4.1 P2 Receiving Log Blank Template.xlsx,8.2.2.4.1,8.2.2.4.1 P2 Receiving Log Blank Template.xlsx,PACKAGING / SHIPPING,General,,xlsx,Readable,2024-01-02T19:41:59Z,306.6,12,False,True,False,True,,
8.2.2.4 Shipping Forms/8.2.2.4.11 Mytox Packslip Template.xlsx,8.2.2.4.11,8.2.2.4.11 Mytox Packslip Template.xlsx,PACKAGING / SHIPPING,General,Mytox,xlsx,Readable,2025-11-10T18:38:24Z,37.4,1,False,True,False,False,,
8.2.2.4 Shipping Forms/8.2.2.4.12 Rollstamp BMW Packslip Template.xlsx,8.2.2.4.12,8.2.2.4.12 Rollstamp BMW Packslip Template.xlsx,PACKAGING / SHIPPING,General,Rollstamp,xlsx,Readable,2026-02-19T18:49:32Z,33.5,2,False,True,False,False,,
8.2.2.4 Shipping Forms/8.2.2.4.14 Laval Tool Packslip Template.xlsx,8.2.2.4.14,8.2.2.4.14 Laval Tool Packslip Template.xlsx,PACKAGING / SHIPPING,General,Laval Tool,xlsx,Readable,2025-11-10T18:36:40Z,30.2,1,False,True,False,False,,
8.2.2.4 Shipping Forms/8.2.2.4.17 KB Components Packslip Template.xls,8.2.2.4.17,8.2.2.4.17 KB Components Packslip Template.xls,PACKAGING / SHIPPING,General,KB Components,xls,Readable,2025-11-10T18:33:44Z,139.0,2,False,True,False,False,,
8.2.2.4 Shipping Forms/8.2.2.4.18 Polycon Packslip Template.xlsx,8.2.2.4.18,8.2.2.4.18 Polycon Packslip Template.xlsx,PACKAGING / SHIPPING,General,Polycon,xlsx,Readable,2025-11-10T18:46:17Z,35.0,1,False,True,False,False,,
8.2.2.4 Shipping Forms/8.2.2.4.19 Plant 2 Polycon Tracker Template.xlsx,8.2.2.4.19,8.2.2.4.19 Plant 2 Polycon Tracker Template.xlsx,PACKAGING / SHIPPING,General,Polycon,xlsx,Readable,2026-01-13T21:14:38Z,151.3,6,False,True,False,False,,
8.2.2.4 Shipping Forms/8.2.2.4.2 P2 General Pack Slip Template.xls,8.2.2.4.2,8.2.2.4.2 P2 General Pack Slip Template.xls,PACKAGING / SHIPPING,General,,xls,Readable,2024-01-02T19:57:32Z,141.0,2,False,True,False,True,,
8.2.2.4 Shipping Forms/8.2.2.4.20 Metelix Demand and Production Tracker Template.xlsx,8.2.2.4.20,8.2.2.4.20 Metelix Demand and Production Tracker Template.xlsx,PACKAGING / SHIPPING,General,Metelix,xlsx,Readable,2026-01-13T21:27:11Z,599.2,9,False,False,True,False,,
8.2.2.4 Shipping Forms/8.2.2.4.21 Laval Tracker template.xlsx,8.2.2.4.21,8.2.2.4.21 Laval Tracker template.xlsx,PACKAGING / SHIPPING,General,,xlsx,Readable,2026-01-16T13:12:57Z,179.1,7,False,True,False,False,,
8.2.2.4 Shipping Forms/8.2.2.4.22 KB Components Tracker - Template.xlsx,8.2.2.4.22,8.2.2.4.22 KB Components Tracker - Template.xlsx,PACKAGING / SHIPPING,General,KB Components,xlsx,Readable,2026-01-16T20:18:17Z,74.2,6,False,True,False,False,,
8.2.2.4 Shipping Forms/8.2.2.4.3 P2 Daily Shipping Report Template.xlsx,8.2.2.4.3,8.2.2.4.3 P2 Daily Shipping Report Template.xlsx,PACKAGING / SHIPPING,General,,xlsx,Readable,2025-01-16T15:42:36Z,117.6,13,False,True,False,False,,
8.2.2.4 Shipping Forms/8.2.2.4.4 P2 Monthly Totals Template.xlsx,8.2.2.4.4,8.2.2.4.4 P2 Monthly Totals Template.xlsx,PACKAGING / SHIPPING,General,,xlsx,Readable,2023-11-29T16:08:36Z,30.4,2,False,True,False,True,,
8.2.2.4 Shipping Forms/8.2.2.4.5 P2 Monthly Delivery Performance Template .xlsx,8.2.2.4.5,8.2.2.4.5 P2 Monthly Delivery Performance Template .xlsx,PACKAGING / SHIPPING,General,,xlsx,Readable,2026-01-14T19:39:11Z,182.5,2,False,True,False,False,,
8.2.2.4 Shipping Forms/8.2.2.4.9 Metelix Packslip Template.xlsx,8.2.2.4.9,8.2.2.4.9 Metelix Packslip Template.xlsx,PACKAGING / SHIPPING,General,Metelix,xlsx,Readable,2025-10-07T12:16:35Z,35.3,1,False,True,False,False,,
8.2.2.4 Shipping Forms/Obsolete/8.2.2.4.10 Mitchell Plastics Packslip Template.xlsx,8.2.2.4.10,8.2.2.4.10 Mitchell Plastics Packslip Template.xlsx,DOCUMENT CONTROL,General,Mitchell Plastics,xlsx,Readable,2024-01-02T18:54:39Z,37.3,2,True,False,False,True,,
8.2.2.4 Shipping Forms/Obsolete/8.2.2.4.13 Rollstamp Tesla Packslip Template.xlsx,8.2.2.4.13,8.2.2.4.13 Rollstamp Tesla Packslip Template.xlsx,DOCUMENT CONTROL,General,Rollstamp,xlsx,Readable,2024-12-16T17:27:28Z,33.5,2,True,False,False,False,,
8.2.2.4 Shipping Forms/Obsolete/8.2.2.4.14 Laval Tool Packslip Template.xlsx,8.2.2.4.14,8.2.2.4.14 Laval Tool Packslip Template.xlsx,DOCUMENT CONTROL,General,Laval Tool,xlsx,Readable,2023-11-30T14:56:34Z,29.1,1,True,False,False,True,,
8.2.2.4 Shipping Forms/Obsolete/8.2.2.4.15 Variosystem Packslip Template.xlsx,8.2.2.4.15,8.2.2.4.15 Variosystem Packslip Template.xlsx,DOCUMENT CONTROL,General,,xlsx,Readable,2024-01-15T21:50:19Z,29.5,1,True,False,False,True,,
8.2.2.4 Shipping Forms/Obsolete/8.2.2.4.16 BRP Packing Slip Blank Template V2.xlsx,8.2.2.4.16,8.2.2.4.16 BRP Packing Slip Blank Template V2.xlsx,DOCUMENT CONTROL,General,BRP,xlsx,Readable,2024-03-06T18:37:24Z,48.5,2,True,False,False,False,,
8.2.2.4 Shipping Forms/Obsolete/8.2.2.4.16 BRP Packing Slip Blank Template v3.xlsx,8.2.2.4.16,8.2.2.4.16 BRP Packing Slip Blank Template v3.xlsx,DOCUMENT CONTROL,General,BRP,xlsx,Readable,2024-10-17T14:20:27Z,48.6,2,True,False,False,False,,
8.2.2.4 Shipping Forms/Obsolete/8.2.2.4.16 BRP Packing Slip Blank Template.xlsx,8.2.2.4.16,8.2.2.4.16 BRP Packing Slip Blank Template.xlsx,DOCUMENT CONTROL,General,BRP,xlsx,Readable,2024-03-06T18:38:07Z,48.4,2,True,False,False,False,,
8.2.2.4 Shipping Forms/Obsolete/8.2.2.4.3 P2 Daily Shipping Report Template 1_16_25.xlsx,8.2.2.4.3,8.2.2.4.3 P2 Daily Shipping Report Template 1_16_25.xlsx,DOCUMENT CONTROL,General,,xlsx,Readable,2024-01-04T21:07:28Z,62.3,13,True,False,False,True,,
8.2.2.4 Shipping Forms/Obsolete/8.2.2.4.3 P2 Daily Shipping Report Template.xlsx,8.2.2.4.3,8.2.2.4.3 P2 Daily Shipping Report Template.xlsx,DOCUMENT CONTROL,General,,xlsx,Readable,2023-07-18T12:49:07Z,84.0,13,True,False,False,True,,
8.2.2.4 Shipping Forms/Obsolete/8.2.2.4.5 Monthly Delivery Performance Template.xlsx,8.2.2.4.5,8.2.2.4.5 Monthly Delivery Performance Template.xlsx,DOCUMENT CONTROL,General,,xlsx,Readable,2023-06-07T15:40:53Z,109.3,13,True,False,False,True,,
8.2.2.4 Shipping Forms/Obsolete/8.2.2.4.5 P2 Monthly Delivery Performance Template.xlsx,8.2.2.4.5,8.2.2.4.5 P2 Monthly Delivery Performance Template.xlsx,DOCUMENT CONTROL,General,,xlsx,Readable,2023-11-29T16:27:53Z,187.6,2,True,False,False,True,,
8.2.2.4 Shipping Forms/Obsolete/8.2.2.4.6 Dometic Marine Canada (Sea Star) Packslip Template.xls,8.2.2.4.6,8.2.2.4.6 Dometic Marine Canada (Sea Star) Packslip Template.xls,DOCUMENT CONTROL,General,,xls,Readable,2024-01-02T19:04:27Z,139.5,1,True,False,False,True,,
8.2.2.4 Shipping Forms/Obsolete/8.2.2.4.7 Falcon Lakeside Packslip Template.xls,8.2.2.4.7,8.2.2.4.7 Falcon Lakeside Packslip Template.xls,DOCUMENT CONTROL,General,Falcon Lakeside,xls,Readable,2024-01-02T17:55:22Z,148.0,2,True,False,False,True,,
8.2.2.4 Shipping Forms/Obsolete/8.2.2.4.8 Manterra Packslip Template.xlsx,8.2.2.4.8,8.2.2.4.8 Manterra Packslip Template.xlsx,DOCUMENT CONTROL,General,Manterra,xlsx,Readable,2024-06-11T13:26:44Z,35.4,2,True,False,False,False,,
8.2.2.4 Shipping Forms/Obsolete/8.2.2.4.9 Metelix Packslip Template V2.xlsx,8.2.2.4.9,8.2.2.4.9 Metelix Packslip Template V2.xlsx,DOCUMENT CONTROL,General,Metelix,xlsx,Readable,2024-08-19T18:11:20Z,34.9,1,True,False,False,False,,
8.2.2.4 Shipping Forms/Obsolete/8.2.2.4.9 Metelix Packslip Template.xlsx,8.2.2.4.9,8.2.2.4.9 Metelix Packslip Template.xlsx,DOCUMENT CONTROL,General,Metelix,xlsx,Readable,2024-01-02T17:58:09Z,35.9,2,True,False,False,True,,
8.2.2.4 Shipping Forms/Obsolete/Laval Tool Packslip Template.xls,,Laval Tool Packslip Template.xls,DOCUMENT CONTROL,General,Laval Tool,xls,Readable,2023-11-29T12:19:19Z,139.5,2,True,False,False,True,,
Obsolete/12.xls,,12.xls,DOCUMENT CONTROL,General,,xls,Readable,2017-01-03T15:43:13Z,162.0,3,True,False,False,True,,
Obsolete/8.2.2.1.11 Daily Buffing Tally Sheet Mytox.xlsx,8.2.2.1.11,8.2.2.1.11 Daily Buffing Tally Sheet Mytox.xlsx,DOCUMENT CONTROL,General,Mytox,xlsx,Readable,2020-02-08T14:05:27Z,25.2,2,True,False,False,True,,
Obsolete/8.2.2.1.12 Daily Sanding Tally Sheet Mytox.xlsx,8.2.2.1.12,8.2.2.1.12 Daily Sanding Tally Sheet Mytox.xlsx,DOCUMENT CONTROL,General,Mytox,xlsx,Readable,2017-08-15T12:37:24Z,27.6,2,True,False,False,True,,
Obsolete/8.2.2.1.13 Daily Paint Booth Maintenance.xls,8.2.2.1.13,8.2.2.1.13 Daily Paint Booth Maintenance.xls,DOCUMENT CONTROL,General,,xls,Readable,2020-08-24T12:28:53Z,77.5,3,True,False,False,True,,
Obsolete/8.2.2.1.17 Painter Supplies.xls,8.2.2.1.17,8.2.2.1.17 Painter Supplies.xls,DOCUMENT CONTROL,General,,xls,Readable,2017-07-12T14:25:43Z,68.0,2,True,False,False,True,,
Obsolete/8.2.2.1.19 Line Speed Verification.xls,8.2.2.1.19,8.2.2.1.19 Line Speed Verification.xls,DOCUMENT CONTROL,General,,xls,Readable,2017-01-02T20:33:24Z,139.5,3,True,False,False,True,,
Obsolete/8.2.2.1.20 Daily Robot Parameters.xlsx,8.2.2.1.20,8.2.2.1.20 Daily Robot Parameters.xlsx,DOCUMENT CONTROL,General,,xlsx,Readable,2017-05-31T21:11:06Z,3294.0,2,True,False,False,True,,
Obsolete/8.2.2.1.21 Daily Deburring Tally Sheet.xlsx,8.2.2.1.21,8.2.2.1.21 Daily Deburring Tally Sheet.xlsx,DOCUMENT CONTROL,General,,xlsx,Readable,2022-12-17T13:47:49Z,28.0,3,True,False,False,True,,
Obsolete/8.2.2.1.21 Daily Sanding Tally Sheet 102 Line.xlsx,8.2.2.1.21,8.2.2.1.21 Daily Sanding Tally Sheet 102 Line.xlsx,DOCUMENT CONTROL,General,,xlsx,Readable,2019-06-25T12:47:41Z,25.5,2,True,False,False,True,,
Obsolete/8.2.2.1.22 Daily Sanding Tally Sheet - Spyder.xlsx,8.2.2.1.22,8.2.2.1.22 Daily Sanding Tally Sheet - Spyder.xlsx,DOCUMENT CONTROL,General,,xlsx,Readable,2021-07-08T15:12:10Z,280.4,2,True,False,False,True,,
Obsolete/8.2.2.1.23 Daily Buffing Tally Sheet - Spyder.xlsx,8.2.2.1.23,8.2.2.1.23 Daily Buffing Tally Sheet - Spyder.xlsx,DOCUMENT CONTROL,General,,xlsx,Readable,2022-05-17T18:22:47Z,292.9,2,True,False,False,True,,
Obsolete/8.2.2.1.24 Daily Sanding Tally Sheet - Metelix (RS Spoilers).xls,8.2.2.1.24,8.2.2.1.24 Daily Sanding Tally Sheet - Metelix (RS Spoilers).xls,DOCUMENT CONTROL,General,Metelix,xls,Readable,2020-09-15T17:37:07Z,2385.5,2,True,False,False,True,,
Obsolete/8.2.2.1.25 Daily Buffing Tally Sheet - Metelix (RS Spoilers).xls,8.2.2.1.25,8.2.2.1.25 Daily Buffing Tally Sheet - Metelix (RS Spoilers).xls,DOCUMENT CONTROL,General,Metelix,xls,Readable,2020-06-09T20:27:47Z,2385.5,2,True,False,False,True,,
Obsolete/8.2.2.1.26 Buffing Target Tracking 102 Line.xlsx,8.2.2.1.26,8.2.2.1.26 Buffing Target Tracking 102 Line.xlsx,DOCUMENT CONTROL,General,,xlsx,Readable,2020-09-15T17:24:53Z,25.7,1,True,False,False,True,,
Obsolete/8.2.2.1.27 Sanding Target Tracking 102 Line.xlsx,8.2.2.1.27,8.2.2.1.27 Sanding Target Tracking 102 Line.xlsx,DOCUMENT CONTROL,General,,xlsx,Readable,2020-09-15T17:33:59Z,25.3,1,True,False,False,True,,
Obsolete/8.2.2.1.28 Electrolux Daily Stripping Tally Sheet.xlsx,8.2.2.1.28,8.2.2.1.28 Electrolux Daily Stripping Tally Sheet.xlsx,DOCUMENT CONTROL,General,,xlsx,Readable,2022-01-07T14:41:40Z,29.7,3,True,False,False,True,,
Obsolete/8.2.2.1.3 Paint Mix Verification Log DPLF.xls,8.2.2.1.3,8.2.2.1.3 Paint Mix Verification Log DPLF.xls,DOCUMENT CONTROL,General,,xls,Readable,2016-10-07T13:30:02Z,30.0,3,True,False,False,True,,
Obsolete/8.2.2.1.6 Tooling Repair Log.xlsx,8.2.2.1.6,8.2.2.1.6 Tooling Repair Log.xlsx,DOCUMENT CONTROL,General,,xlsx,Readable,2018-06-06T15:43:05Z,27.7,3,True,False,False,True,,
Obsolete/8.2.2.1.7 Daily Buffing Tally Sheet.xlsx,8.2.2.1.7,8.2.2.1.7 Daily Buffing Tally Sheet.xlsx,DOCUMENT CONTROL,General,,xlsx,Readable,2023-03-15T17:44:46Z,35.1,4,True,False,False,True,,
Obsolete/8.2.2.1.8 Daily Sanding Tally Sheet.xlsx,8.2.2.1.8,8.2.2.1.8 Daily Sanding Tally Sheet.xlsx,DOCUMENT CONTROL,General,,xlsx,Readable,2025-07-01T18:04:48Z,23.3,2,True,False,False,False,,
Obsolete/8.2.2.2.38 Spyder 2022 - Manta Green.xlsx,8.2.2.2.38,8.2.2.2.38 Spyder 2022 - Manta Green.xlsx,DOCUMENT CONTROL,General,,xlsx,Readable,2022-05-17T18:15:55Z,22.6,2,True,False,False,True,,
Obsolete/8.2.2.25 Solvent Usage Tracking.xlsx,8.2.2.25,8.2.2.25 Solvent Usage Tracking.xlsx,DOCUMENT CONTROL,General,,xlsx,Readable,2023-09-20T15:17:25Z,20.6,1,True,False,False,True,,
Obsolete/8.2.2.26 Colour Verification (V2).xlsx,8.2.2.26,8.2.2.26 Colour Verification (V2).xlsx,DOCUMENT CONTROL,General,,xlsx,Readable,2023-12-18T15:50:45Z,31.1,2,True,False,False,True,,
Obsolete/8.2.2.26 Colour Verification.xlsx,8.2.2.26,8.2.2.26 Colour Verification.xlsx,DOCUMENT CONTROL,General,,xlsx,Readable,2023-10-31T14:37:29Z,31.1,2,True,False,False,True,,
Obsolete/8.2.2.26 New Paint Batch Colour Verification.xlsx,8.2.2.26,8.2.2.26 New Paint Batch Colour Verification.xlsx,DOCUMENT CONTROL,General,,xlsx,Readable,2024-06-20T20:04:38Z,23.7,1,True,False,False,False,,
Obsolete/8.2.2.3.1 Daily Schedule 103 Line.xls,8.2.2.3.1,8.2.2.3.1 Daily Schedule 103 Line.xls,DOCUMENT CONTROL,General,,xls,Readable,2016-12-30T14:43:53Z,30.5,1,True,False,False,True,,
Obsolete/8.2.2.3.2 Load Sheet.xlsx,8.2.2.3.2,8.2.2.3.2 Load Sheet.xlsx,DOCUMENT CONTROL,General,,xlsx,Readable,2022-02-07T15:19:35Z,22.4,2,True,False,False,True,,
Obsolete/8.2.2.3.3 Mask Tally Sheet.xls,8.2.2.3.3,8.2.2.3.3 Mask Tally Sheet.xls,DOCUMENT CONTROL,General,,xls,Readable,2017-07-28T17:54:32Z,38.5,2,True,False,False,True,,
Obsolete/8.2.2.3.4 Rack Cleaning Log.xls,8.2.2.3.4,8.2.2.3.4 Rack Cleaning Log.xls,DOCUMENT CONTROL,General,,xls,Readable,2016-11-23T18:32:11Z,26.5,1,True,False,False,True,,
Obsolete/8.2.2.4.1 102 Line Load Sheet.xls,8.2.2.4.1,8.2.2.4.1 102 Line Load Sheet.xls,DOCUMENT CONTROL,General,,xls,Readable,2017-04-26T16:32:16Z,41.5,2,True,False,False,True,,
Obsolete/8.2.2.4.11 Mytox Packslip Template.xlsx,8.2.2.4.11,8.2.2.4.11 Mytox Packslip Template.xlsx,DOCUMENT CONTROL,General,Mytox,xlsx,Readable,2023-07-18T17:14:54Z,37.5,1,True,False,False,True,,
Obsolete/8.2.2.4.11Line 102 Programs.xlsx,8.2.2.4.11,8.2.2.4.11Line 102 Programs.xlsx,DOCUMENT CONTROL,Line 102,,xlsx,Readable,2022-03-16T16:13:43Z,15.0,1,True,False,False,True,,
Obsolete/8.2.2.4.3 102 Booth Cleaning Log.xls,8.2.2.4.3,8.2.2.4.3 102 Booth Cleaning Log.xls,DOCUMENT CONTROL,General,,xls,Readable,2016-10-08T14:17:32Z,29.5,3,True,False,False,True,,
Obsolete/8.2.2.4.5 Line 102 Cure  Log.xls,8.2.2.4.5,8.2.2.4.5 Line 102 Cure  Log.xls,DOCUMENT CONTROL,Line 102,,xls,Readable,2018-06-06T14:31:12Z,154.5,3,True,False,False,True,,
Obsolete/8.2.2.4.6 line 102 Oven And line speed Verification Log.xls,8.2.2.4.6,8.2.2.4.6 line 102 Oven And line speed Verification Log.xls,DOCUMENT CONTROL,Line 102,,xls,Readable,2017-04-10T16:57:03Z,137.0,1,True,False,False,True,,
Obsolete/8.2.2.4.7 102 Line Shut Down Check List.xlsx.xls,8.2.2.4.7,8.2.2.4.7 102 Line Shut Down Check List.xlsx.xls,DOCUMENT CONTROL,General,,xls,Readable,2018-07-10T12:13:11Z,74.0,2,True,False,False,True,,
Obsolete/8.2.2.4.8 102 LINE PAINT TRACKING SHEET.xlsx,8.2.2.4.8,8.2.2.4.8 102 LINE PAINT TRACKING SHEET.xlsx,DOCUMENT CONTROL,General,,xlsx,Readable,2021-10-01T12:48:05Z,23.9,1,True,False,False,True,,
Obsolete/8.2.2.4.9 Jomi Traveler.xlsx,8.2.2.4.9,8.2.2.4.9 Jomi Traveler.xlsx,DOCUMENT CONTROL,General,,xlsx,Readable,2021-05-20T11:16:54Z,12.1,1,True,False,False,True,,
Obsolete/8.2.2.5 Paint Kitchen Inventory (v2).xlsx,8.2.2.5,8.2.2.5 Paint Kitchen Inventory (v2).xlsx,DOCUMENT CONTROL,General,,xlsx,Readable,2024-05-06T14:57:04Z,32.2,2,True,False,False,False,,
Obsolete/8.2.2.5 Paint Kitchen Inventory version 1.xlsx,8.2.2.5,8.2.2.5 Paint Kitchen Inventory version 1.xlsx,DOCUMENT CONTROL,General,,xlsx,Readable,2023-12-20T18:18:06Z,32.1,2,True,False,False,True,,
Obsolete/8.2.2.5 Paint Kitchen Inventory.xlsx,8.2.2.5,8.2.2.5 Paint Kitchen Inventory.xlsx,DOCUMENT CONTROL,General,,xlsx,Readable,2023-09-05T11:58:38Z,30.9,2,True,False,False,True,,
Obsolete/8.2.2.5 Paint Kitchen Inventory12-20-23.xlsx,8.2.2.5,8.2.2.5 Paint Kitchen Inventory12-20-23.xlsx,DOCUMENT CONTROL,General,,xlsx,Readable,2023-12-20T18:23:56Z,32.2,2,True,False,False,True,,
Obsolete/8.2.2.5.1 ABC Template.xls,8.2.2.5.1,8.2.2.5.1 ABC Template.xls,DOCUMENT CONTROL,General,,xls,Readable,2016-12-19T20:37:18Z,145.5,3,True,False,False,True,,
Obsolete/8.2.2.5.10 Onward Cluthe Template.xls,8.2.2.5.10,8.2.2.5.10 Onward Cluthe Template.xls,DOCUMENT CONTROL,General,,xls,Readable,2016-12-19T20:41:43Z,147.0,3,True,False,False,True,,
Obsolete/8.2.2.5.11 PAPP Template.xls,8.2.2.5.11,8.2.2.5.11 PAPP Template.xls,DOCUMENT CONTROL,General,,xls,Readable,2016-12-19T20:43:07Z,147.5,3,True,False,False,True,,
Obsolete/8.2.2.5.12 QM Template.xls,8.2.2.5.12,8.2.2.5.12 QM Template.xls,DOCUMENT CONTROL,General,,xls,Readable,2017-02-24T21:15:19Z,162.0,3,True,False,False,True,,
Obsolete/8.2.2.5.2 BRP Circuit Yellow Template.xls,8.2.2.5.2,8.2.2.5.2 BRP Circuit Yellow Template.xls,DOCUMENT CONTROL,General,BRP,xls,Readable,2016-12-19T20:38:12Z,149.5,3,True,False,False,True,,
Obsolete/8.2.2.5.3 BRP Hyper Silver Template.xls,8.2.2.5.3,8.2.2.5.3 BRP Hyper Silver Template.xls,DOCUMENT CONTROL,General,BRP,xls,Readable,2016-12-19T20:38:39Z,149.0,3,True,False,False,True,,
Obsolete/8.2.2.5.4 BRP Intense Red Template.xls,8.2.2.5.4,8.2.2.5.4 BRP Intense Red Template.xls,DOCUMENT CONTROL,General,BRP,xls,Readable,2016-12-19T20:39:05Z,151.0,3,True,False,False,True,,
Obsolete/8.2.2.5.5 BRP Oxford Blue Template.xls,8.2.2.5.5,8.2.2.5.5 BRP Oxford Blue Template.xls,DOCUMENT CONTROL,General,BRP,xls,Readable,2016-12-19T20:39:30Z,149.5,3,True,False,False,True,,
Obsolete/8.2.2.5.6 BRP Vegas White Template.xls,8.2.2.5.6,8.2.2.5.6 BRP Vegas White Template.xls,DOCUMENT CONTROL,General,BRP,xls,Readable,2016-12-19T20:40:01Z,151.0,3,True,False,False,True,,
Obsolete/8.2.2.5.7 Global Vehicle Systems Template.xls,8.2.2.5.7,8.2.2.5.7 Global Vehicle Systems Template.xls,DOCUMENT CONTROL,General,,xls,Readable,2016-12-19T20:40:28Z,145.5,3,True,False,False,True,,
Obsolete/8.2.2.5.8 Mitchell Plastics Template.xls,8.2.2.5.8,8.2.2.5.8 Mitchell Plastics Template.xls,DOCUMENT CONTROL,General,Mitchell Plastics,xls,Readable,2016-12-19T20:40:53Z,147.0,3,True,False,False,True,,
Obsolete/8.2.2.5.9 Mytox Template.xls,8.2.2.5.9,8.2.2.5.9 Mytox Template.xls,DOCUMENT CONTROL,General,Mytox,xls,Readable,2016-12-19T20:41:12Z,146.0,3,True,False,False,True,,
Obsolete/8.2.2.7 Daily Sanding Tally Sheet.xlsx,8.2.2.7,8.2.2.7 Daily Sanding Tally Sheet.xlsx,DOCUMENT CONTROL,General,,xlsx,Readable,2023-07-24T18:38:33Z,18.0,2,True,False,False,True,,
Obsolete/8.2.2.8 Daily Buffing Tally Sheet.xlsx,8.2.2.8,8.2.2.8 Daily Buffing Tally Sheet.xlsx,DOCUMENT CONTROL,General,,xlsx,Readable,2023-07-24T18:40:58Z,27.7,3,True,False,False,True,,
Obsolete/8.3.2.7.3 Colour Verification.xlsx,8.3.2.7.3,8.3.2.7.3 Colour Verification.xlsx,DOCUMENT CONTROL,General,,xlsx,Readable,2016-12-01T18:32:55Z,31.0,2,True,False,False,True,,
Obsolete/8.5.2.11 Sanding Raw V4&V6 Caps at Load.xlsx,8.5.2.11,8.5.2.11 Sanding Raw V4&V6 Caps at Load.xlsx,DOCUMENT CONTROL,General,,xlsx,Readable,2017-01-03T20:07:18Z,37452.1,1,True,False,False,True,,
Obsolete/8.5.2.20 Masking Guide for Splash Guards.xlsx,8.5.2.20,8.5.2.20 Masking Guide for Splash Guards.xlsx,DOCUMENT CONTROL,General,,xlsx,Readable,2017-01-03T20:27:28Z,418.5,1,True,False,False,True,,
Obsolete/8.5.2.22 Quality Specs & Testing QM.xlsx,8.5.2.22,8.5.2.22 Quality Specs & Testing QM.xlsx,DOCUMENT CONTROL,General,,xlsx,Readable,2017-01-03T20:32:51Z,753.0,3,True,False,False,True,,
Obsolete/8.5.2.28 Using Proper Sandpaper.xlsx,8.5.2.28,8.5.2.28 Using Proper Sandpaper.xlsx,DOCUMENT CONTROL,General,,xlsx,Readable,2017-04-11T11:53:40Z,10125.8,1,True,False,False,True,,
Obsolete/8.5.2.31 SPYDER Master Part List 2019.xls,8.5.2.31,8.5.2.31 SPYDER Master Part List 2019.xls,DOCUMENT CONTROL,General,,xls,Readable,2018-11-21T15:51:31Z,5290.0,2,True,False,False,True,,
Obsolete/8.5.2.32 Short Shots - V6 Hoods.xlsx,8.5.2.32,8.5.2.32 Short Shots - V6 Hoods.xlsx,DOCUMENT CONTROL,General,,xlsx,Readable,2018-11-16T16:36:56Z,3374.7,1,True,False,False,True,,
Obsolete/8.5.2.36 Part Identification - DSS Control Panel.xlsx,8.5.2.36,8.5.2.36 Part Identification - DSS Control Panel.xlsx,DOCUMENT CONTROL,General,,xlsx,Readable,2019-08-05T19:20:17Z,11829.2,1,True,False,False,True,,
Obsolete/8.5.2.37 Quality Specifications - Electrolux.xlsx,8.5.2.37,8.5.2.37 Quality Specifications - Electrolux.xlsx,DOCUMENT CONTROL,General,,xlsx,Readable,2019-05-08T20:13:07Z,292.5,3,True,False,False,True,,
Obsolete/8.5.2.39 SPYDER Master Part List 2020.xls,8.5.2.39,8.5.2.39 SPYDER Master Part List 2020.xls,DOCUMENT CONTROL,General,,xls,Readable,2019-12-09T21:42:16Z,6737.0,5,True,False,False,True,,
Obsolete/8.5.2.41 SPYDER Master Part List 2021 REVISED.xls,8.5.2.41,8.5.2.41 SPYDER Master Part List 2021 REVISED.xls,DOCUMENT CONTROL,General,,xls,Readable,2021-10-08T17:33:27Z,7005.5,5,True,False,False,True,,
Obsolete/8.5.2.41 SPYDER Master Part List 2021.xls,8.5.2.41,8.5.2.41 SPYDER Master Part List 2021.xls,DOCUMENT CONTROL,General,,xls,Readable,2021-02-11T16:47:09Z,6800.5,5,True,False,False,True,,
Obsolete/8.5.2.44 JOMI Identification.xlsx,8.5.2.44,8.5.2.44 JOMI Identification.xlsx,DOCUMENT CONTROL,General,,xlsx,Readable,2021-09-10T17:33:28Z,9461.8,1,True,False,False,True,,
Obsolete/8.5.2.46 SPYDER Master Part List 2022.xls,8.5.2.46,8.5.2.46 SPYDER Master Part List 2022.xls,DOCUMENT CONTROL,General,,xls,Readable,2022-06-17T14:56:09Z,7004.5,5,True,False,False,True,,
Obsolete/8.5.2.7 Quick Reference Quality Testing.xlsx,8.5.2.7,8.5.2.7 Quick Reference Quality Testing.xlsx,DOCUMENT CONTROL,General,,xlsx,Readable,2021-04-30T15:38:31Z,23.8,3,True,False,False,True,,
Obsolete/8.5.2.8 All Evinrude Pieces.xls,8.5.2.8,8.5.2.8 All Evinrude Pieces.xls,DOCUMENT CONTROL,General,,xls,Readable,2019-01-02T15:26:50Z,3153.5,6,True,False,False,True,,
Obsolete/8.5.2.9 PAPP Made in Canada Visual Aid.doc,8.5.2.9,8.5.2.9 PAPP Made in Canada Visual Aid.doc,DOCUMENT CONTROL,General,,doc,Readable,2016-12-20T13:15:13Z,3802.0,0,True,False,False,True,,
Obsolete/Paint Mix Instruction Sheet.xlsx,,Paint Mix Instruction Sheet.xlsx,DOCUMENT CONTROL,General,,xlsx,Readable,2023-05-17T14:55:49Z,22.4,1,True,False,False,True,,
Obsolete/Product Information 582023.xlsx,,Product Information 582023.xlsx,DOCUMENT CONTROL,General,,xlsx,Readable,2023-06-27T11:44:51Z,158.8,1,True,False,False,True,,
Obsolete/8.2.2.7 Scan System Files/8.2.2.7.1 RS SPOILER.xlsx,8.2.2.7.1,8.2.2.7.1 RS SPOILER.xlsx,DOCUMENT CONTROL,General,,xlsx,Readable,2021-03-31T16:26:47Z,33.0,3,True,False,False,True,,
Obsolete/Old Forms/8.2.2.2.10 Spyder Circuit Yellow.xls,8.2.2.2.10,8.2.2.2.10 Spyder Circuit Yellow.xls,DOCUMENT CONTROL,General,,xls,Readable,2016-11-10T15:32:29Z,39.0,2,True,False,False,True,,
Obsolete/Old Forms/8.2.2.2.11 Spyder F3T Oxford Blue.xls,8.2.2.2.11,8.2.2.2.11 Spyder F3T Oxford Blue.xls,DOCUMENT CONTROL,General,,xls,Readable,2017-08-15T17:19:52Z,41.5,2,True,False,False,True,,
Obsolete/Old Forms/8.2.2.2.12 Spyder Pure Magnesium.xls,8.2.2.2.12,8.2.2.2.12 Spyder Pure Magnesium.xls,DOCUMENT CONTROL,General,,xls,Readable,2016-10-07T18:53:26Z,35.5,2,True,False,False,True,,
Obsolete/Old Forms/8.2.2.2.13 Splash Guard.xls,8.2.2.2.13,8.2.2.2.13 Splash Guard.xls,DOCUMENT CONTROL,General,,xls,Readable,2017-10-23T18:48:28Z,30.0,2,True,False,False,True,,
Obsolete/Old Forms/8.2.2.2.14 ABC Exteriors.xls,8.2.2.2.14,8.2.2.2.14 ABC Exteriors.xls,DOCUMENT CONTROL,General,,xls,Readable,2016-10-07T19:01:45Z,32.5,3,True,False,False,True,,
Obsolete/Old Forms/8.2.2.2.17 Evinrude Buffed Parts Inspection.xls,8.2.2.2.17,8.2.2.2.17 Evinrude Buffed Parts Inspection.xls,DOCUMENT CONTROL,General,,xls,Readable,2016-10-08T13:14:16Z,43.0,2,True,False,False,True,,
Obsolete/Old Forms/8.2.2.2.19 Spyder Vegas White RT.xls,8.2.2.2.19,8.2.2.2.19 Spyder Vegas White RT.xls,DOCUMENT CONTROL,General,,xls,Readable,2018-11-21T15:55:45Z,41.0,2,True,False,False,True,,
Obsolete/Old Forms/8.2.2.2.2 Evinrude White.xls,8.2.2.2.2,8.2.2.2.2 Evinrude White.xls,DOCUMENT CONTROL,General,,xls,Readable,2017-04-04T14:24:05Z,37.0,3,True,False,False,True,,
Obsolete/Old Forms/8.2.2.2.20 Spyder Vegas White RT Page 2.xls,8.2.2.2.20,8.2.2.2.20 Spyder Vegas White RT Page 2.xls,DOCUMENT CONTROL,General,,xls,Readable,2016-12-30T14:41:42Z,34.5,2,True,False,False,True,,
Obsolete/Old Forms/8.2.2.2.21 Mytox - U22X.xls,8.2.2.2.21,8.2.2.2.21 Mytox - U22X.xls,DOCUMENT CONTROL,General,Mytox,xls,Readable,2017-04-02T19:16:32Z,46.0,3,True,False,False,True,,
Obsolete/Old Forms/8.2.2.2.22 Mytox - U354.xls,8.2.2.2.22,8.2.2.2.22 Mytox - U354.xls,DOCUMENT CONTROL,General,Mytox,xls,Readable,2017-03-28T13:37:36Z,46.5,3,True,False,False,True,,
Obsolete/Old Forms/8.2.2.2.23 Tiercon - Head Lamp Bezel.xls,8.2.2.2.23,8.2.2.2.23 Tiercon - Head Lamp Bezel.xls,DOCUMENT CONTROL,General,,xls,Readable,2017-08-01T12:45:17Z,38.5,3,True,False,False,True,,
Obsolete/Old Forms/8.2.2.2.24 Mytox - U22X Buff Inspect.xls,8.2.2.2.24,8.2.2.2.24 Mytox - U22X Buff Inspect.xls,DOCUMENT CONTROL,General,Mytox,xls,Readable,2017-08-14T20:30:28Z,25.5,1,True,False,False,True,,
Obsolete/Old Forms/8.2.2.2.25 102 LINE BUFFED PARTS INSPECTION.xls,8.2.2.2.25,8.2.2.2.25 102 LINE BUFFED PARTS INSPECTION.xls,DOCUMENT CONTROL,General,,xls,Readable,2019-09-24T13:36:39Z,29.5,1,True,False,False,True,,
Obsolete/Old Forms/8.2.2.2.26 Spyder RT Oxford Blue.xls,8.2.2.2.26,8.2.2.2.26 Spyder RT Oxford Blue.xls,DOCUMENT CONTROL,General,,xls,Readable,2018-11-21T15:49:34Z,41.5,2,True,False,False,True,,
Obsolete/Old Forms/8.2.2.2.27 Spyder Oxford Blue Buff Inspect.xls,8.2.2.2.27,8.2.2.2.27 Spyder Oxford Blue Buff Inspect.xls,DOCUMENT CONTROL,General,,xls,Readable,2018-11-21T15:54:12Z,43.5,2,True,False,False,True,,
Obsolete/Old Forms/8.2.2.2.3 Evinrude Smoke Grey.xls,8.2.2.2.3,8.2.2.2.3 Evinrude Smoke Grey.xls,DOCUMENT CONTROL,General,,xls,Readable,2019-02-27T15:24:26Z,39.0,3,True,False,False,True,,
Obsolete/Old Forms/8.2.2.2.30 Spyder R66 - Chalk White.xlsx,8.2.2.2.30,8.2.2.2.30 Spyder R66 - Chalk White.xlsx,DOCUMENT CONTROL,General,,xlsx,Readable,2020-02-07T14:56:50Z,30.5,4,True,False,False,True,,
Obsolete/Old Forms/8.2.2.2.31 ELECTROLUX.xls,8.2.2.2.31,8.2.2.2.31 ELECTROLUX.xls,DOCUMENT CONTROL,General,,xls,Readable,2019-08-30T19:02:54Z,39.5,3,True,False,False,True,,
Obsolete/Old Forms/8.2.2.2.35 Spyder 2021 - Gravity Grey.xlsx,8.2.2.2.35,8.2.2.2.35 Spyder 2021 - Gravity Grey.xlsx,DOCUMENT CONTROL,General,,xlsx,Readable,2020-10-27T15:05:12Z,21.5,2,True,False,False,True,,
Obsolete/Old Forms/8.2.2.2.36 JOMI INSPECTION.xlsx,8.2.2.2.36,8.2.2.2.36 JOMI INSPECTION.xlsx,DOCUMENT CONTROL,General,,xlsx,Readable,2021-10-05T11:26:23Z,24.9,3,True,False,False,True,,
Obsolete/Old Forms/8.2.2.2.4 Evinrude Orbital Blue.xls,8.2.2.2.4,8.2.2.2.4 Evinrude Orbital Blue.xls,DOCUMENT CONTROL,General,,xls,Readable,2016-10-07T16:49:52Z,31.0,2,True,False,False,True,,
Obsolete/Old Forms/8.2.2.2.41 Tesla Inspection old.xlsx,8.2.2.2.41,8.2.2.2.41 Tesla Inspection old.xlsx,DOCUMENT CONTROL,General,Tesla (via Polycon/Rollstamp),xlsx,Readable,2022-10-20T11:49:15Z,18.4,3,True,False,False,True,,
Obsolete/Old Forms/8.2.2.2.5 Evinrude Hyper Silver.xls,8.2.2.2.5,8.2.2.2.5 Evinrude Hyper Silver.xls,DOCUMENT CONTROL,General,,xls,Readable,2016-10-07T16:53:51Z,31.5,3,True,False,False,True,,
Obsolete/Old Forms/8.2.2.2.6 Evinrude Radical Red.xls,8.2.2.2.6,8.2.2.2.6 Evinrude Radical Red.xls,DOCUMENT CONTROL,General,,xls,Readable,2016-10-07T16:58:06Z,31.5,3,True,False,False,True,,
Obsolete/Old Forms/8.2.2.2.7 Spyder Vegas White.xls,8.2.2.2.7,8.2.2.2.7 Spyder Vegas White.xls,DOCUMENT CONTROL,General,,xls,Readable,2019-11-19T14:57:40Z,41.5,2,True,False,False,True,,
Obsolete/Old Forms/8.2.2.2.8 Spyder Intense Red.xls,8.2.2.2.8,8.2.2.2.8 Spyder Intense Red.xls,DOCUMENT CONTROL,General,,xls,Readable,2019-08-19T11:53:19Z,43.0,2,True,False,False,True,,
Obsolete/Old Forms/8.2.2.2.9 Spyder Hyper Silver.xls,8.2.2.2.9,8.2.2.2.9 Spyder Hyper Silver.xls,DOCUMENT CONTROL,General,,xls,Readable,2016-11-10T15:31:30Z,37.0,2,True,False,False,True,,
