relative_path,document_number,sheet_index,sheet_name,file_type
8.2.2.10 Sanded- Ready For Paint(Orange).xlsx,8.2.2.10,0,In Process Tag,xlsx
8.2.2.11 Finished GoodsPartial.xlsx,8.2.2.11,0,In Process Tag,xlsx
8.2.2.12 Hold Tag.xlsx,8.2.2.12,0,In Process Tag,xlsx
8.2.2.13 Hold For Review.xlsx,8.2.2.13,0,In Process Tag,xlsx
8.2.2.14 Partial Raw.xlsx,8.2.2.14,0,In Process Tag,xlsx
8.2.2.15 Rework- To Be Sanded.xlsx,8.2.2.15,0,In Process Tag,xlsx
8.2.2.16 To Be Buffed.xlsx,8.2.2.16,0,In Process Tag,xlsx
8.2.2.17 Booth Sludge.xlsx,8.2.2.17,0,In Process Tag,xlsx
8.2.2.18 Empty.xlsx,8.2.2.18,0,In Process Tag,xlsx
8.2.2.19 Still Bottoms.xlsx,8.2.2.19,0,In Process Tag,xlsx
8.2.2.20 Waste Paint.xlsx,8.2.2.20,0,In Process Tag,xlsx
8.2.2.21 Waste Zinc.xlsx,8.2.2.21,0,In Process Tag,xlsx
8.2.2.22 Use Next.xlsx,8.2.2.22,0,In Process Tag,xlsx
8.2.2.23 Paint Mix Information Sheet.xlsx,8.2.2.23,0,Sheet1,xlsx
8.2.2.24 Pressure Pot Label.xlsx,8.2.2.24,0,Sheet1,xlsx
8.2.2.24 Pressure Pot Label.xlsx,8.2.2.24,1,Sheet2,xlsx
8.2.2.25 Solvent Usage Tracking.xlsx,8.2.2.25,0,Sheet1,xlsx
8.2.2.26 New Paint Batch Verification.xlsx,8.2.2.26,0,Sheet1,xlsx
8.2.2.27 Template.xlsx,8.2.2.27,0,ATT,xlsx
8.2.2.28 Down time Tracking Template.xlsx,8.2.2.28,0,Jan,xlsx
8.2.2.28 Down time Tracking Template.xlsx,8.2.2.28,1,Feb,xlsx
8.2.2.28 Down time Tracking Template.xlsx,8.2.2.28,2,Mar,xlsx
8.2.2.28 Down time Tracking Template.xlsx,8.2.2.28,3,Apr,xlsx
8.2.2.28 Down time Tracking Template.xlsx,8.2.2.28,4,May,xlsx
8.2.2.28 Down time Tracking Template.xlsx,8.2.2.28,5,June,xlsx
8.2.2.28 Down time Tracking Template.xlsx,8.2.2.28,6,July,xlsx
8.2.2.28 Down time Tracking Template.xlsx,8.2.2.28,7,Aug,xlsx
8.2.2.28 Down time Tracking Template.xlsx,8.2.2.28,8,Sept,xlsx
8.2.2.28 Down time Tracking Template.xlsx,8.2.2.28,9,Oct,xlsx
8.2.2.28 Down time Tracking Template.xlsx,8.2.2.28,10,Nov,xlsx
8.2.2.28 Down time Tracking Template.xlsx,8.2.2.28,11,Dec,xlsx
8.2.2.29 Daily Production Report Template.xlsx,8.2.2.29,0,#101 JANUARY 2024,xlsx
8.2.2.29 Daily Production Report Template.xlsx,8.2.2.29,1,#103 JANUARY 2024,xlsx
8.2.2.30 Buffing Summary Template.xlsx,8.2.2.30,0,Jan,xlsx
8.2.2.30 Buffing Summary Template.xlsx,8.2.2.30,1,Feb,xlsx
8.2.2.30 Buffing Summary Template.xlsx,8.2.2.30,2,Mar,xlsx
8.2.2.30 Buffing Summary Template.xlsx,8.2.2.30,3,Apr,xlsx
8.2.2.30 Buffing Summary Template.xlsx,8.2.2.30,4,May,xlsx
8.2.2.30 Buffing Summary Template.xlsx,8.2.2.30,5,June,xlsx
8.2.2.30 Buffing Summary Template.xlsx,8.2.2.30,6,July,xlsx
8.2.2.30 Buffing Summary Template.xlsx,8.2.2.30,7,Aug,xlsx
8.2.2.30 Buffing Summary Template.xlsx,8.2.2.30,8,Sept,xlsx
8.2.2.30 Buffing Summary Template.xlsx,8.2.2.30,9,Oct,xlsx
8.2.2.30 Buffing Summary Template.xlsx,8.2.2.30,10,Daily Summary,xlsx
8.2.2.30 Buffing Summary Template.xlsx,8.2.2.30,11,Nov,xlsx
8.2.2.30 Buffing Summary Template.xlsx,8.2.2.30,12,Dec,xlsx
8.2.2.30 Buffing Summary Template.xlsx,8.2.2.30,13,Montly Summary,xlsx
8.2.2.30 Buffing Summary Template.xlsx,8.2.2.30,14,Charts Info,xlsx
8.2.2.31 Daily Hummer Sanding Tally Sheet.xlsx,8.2.2.31,0,1st,xlsx
8.2.2.31 Daily Hummer Sanding Tally Sheet.xlsx,8.2.2.31,1,Rev Log,xlsx
8.2.2.32 Dustless Sander Maintenance Check Sheet.xlsx,8.2.2.32,0,Daily Cleaning Schedule,xlsx
8.2.2.33 Plant 2 Paint Trial Information Sheet.xlsx,8.2.2.33,0,Paint Trial,xlsx
8.2.2.34 Sanding Booth Cleaning and Maintenance.xlsx,8.2.2.34,0,Daily,xlsx
8.2.2.34 Sanding Booth Cleaning and Maintenance.xlsx,8.2.2.34,1,Monthly,xlsx
8.2.2.5 Paint Kitchen Inventory.xlsx,8.2.2.5,0,Rev 7,xlsx
8.2.2.5 Paint Kitchen Inventory.xlsx,8.2.2.5,1,Rev Log,xlsx
8.2.2.5 Paint Kitchen Inventory.xlsx,8.2.2.5,2,Rev 6,xlsx
8.2.2.6 Change Tracker.xlsx,8.2.2.6,0,Paint Trial,xlsx
8.2.2.6 Change Tracker.xlsx,8.2.2.6,1,Ship Request,xlsx
8.2.2.6 Change Tracker.xlsx,8.2.2.6,2,Sheet2,xlsx
8.2.2.7 Daily Sanding Tally Sheet.xlsx,8.2.2.7,0,1st,xlsx
8.2.2.7 Daily Sanding Tally Sheet.xlsx,8.2.2.7,1,Rev Log,xlsx
8.2.2.8 Daily Buffing Tally Sheet.xlsx,8.2.2.8,0,Days,xlsx
8.2.2.8 Daily Buffing Tally Sheet.xlsx,8.2.2.8,1,KANBAN SHEET,xlsx
8.2.2.8 Daily Buffing Tally Sheet.xlsx,8.2.2.8,2,Rev Log,xlsx
8.2.2.9 Daily Deburring Tally Sheet.xlsx,8.2.2.9,0,1st,xlsx
8.2.2.9 Daily Deburring Tally Sheet.xlsx,8.2.2.9,1,Rev Log,xlsx
8.2.2.1 Line 101-103 Operating Forms/8.2.2.1.1 101-103 Weekly Rack Burn Off Tracker.xlsx,8.2.2.1.1,0,101-103,xlsx
8.2.2.1 Line 101-103 Operating Forms/8.2.2.1.10 Daily Painter Line Up.xlsx,8.2.2.1.10,0,Sheet1,xlsx
8.2.2.1 Line 101-103 Operating Forms/8.2.2.1.11 103 Schedule Template.xlsx,8.2.2.1.11,0,Weekly Plan,xlsx
8.2.2.1 Line 101-103 Operating Forms/8.2.2.1.11 103 Schedule Template.xlsx,8.2.2.1.11,1,Paint Usage,xlsx
8.2.2.1 Line 101-103 Operating Forms/8.2.2.1.11 103 Schedule Template.xlsx,8.2.2.1.11,2,Time Matrix,xlsx
8.2.2.1 Line 101-103 Operating Forms/8.2.2.1.11 103 Schedule Template.xlsx,8.2.2.1.11,3,Mon (103),xlsx
8.2.2.1 Line 101-103 Operating Forms/8.2.2.1.11 103 Schedule Template.xlsx,8.2.2.1.11,4,Tue (103),xlsx
8.2.2.1 Line 101-103 Operating Forms/8.2.2.1.11 103 Schedule Template.xlsx,8.2.2.1.11,5,Wed (103),xlsx
8.2.2.1 Line 101-103 Operating Forms/8.2.2.1.11 103 Schedule Template.xlsx,8.2.2.1.11,6,Thur (103),xlsx
8.2.2.1 Line 101-103 Operating Forms/8.2.2.1.11 103 Schedule Template.xlsx,8.2.2.1.11,7,Fri (103),xlsx
8.2.2.1 Line 101-103 Operating Forms/8.2.2.1.11 103 Schedule Template.xlsx,8.2.2.1.11,8,Sat (103),xlsx
8.2.2.1 Line 101-103 Operating Forms/8.2.2.1.11 103 Schedule Template.xlsx,8.2.2.1.11,9,Painter Matrix,xlsx
8.2.2.1 Line 101-103 Operating Forms/8.2.2.1.11 103 Schedule Template.xlsx,8.2.2.1.11,10,Part Info,xlsx
8.2.2.1 Line 101-103 Operating Forms/8.2.2.1.16 Oven Verification Log.xls,8.2.2.1.16,0,Sheet1,xls
8.2.2.1 Line 101-103 Operating Forms/8.2.2.1.16 Oven Verification Log.xls,8.2.2.1.16,1,Line 101 103,xls
8.2.2.1 Line 101-103 Operating Forms/8.2.2.1.18 Daily Paint Tally Sheet.xls,8.2.2.1.18,0,Paint Tally ,xls
8.2.2.1 Line 101-103 Operating Forms/8.2.2.1.18 Daily Paint Tally Sheet.xls,8.2.2.1.18,1,KANBAN SHEET,xls
8.2.2.1 Line 101-103 Operating Forms/8.2.2.1.19 Line 103 Paint Pot Lines Cleaning Chart.xlsx,8.2.2.1.19,0,Sheet1,xlsx
8.2.2.1 Line 101-103 Operating Forms/8.2.2.1.2 Paint Kitchen Temp Log.xls,8.2.2.1.2,0,Sheet1,xls
8.2.2.1 Line 101-103 Operating Forms/8.2.2.1.2 Paint Kitchen Temp Log.xls,8.2.2.1.2,1,KANBAN SHEET,xls
8.2.2.1 Line 101-103 Operating Forms/8.2.2.1.2 Paint Kitchen Temp Log.xls,8.2.2.1.2,2,Sheet3,xls
8.2.2.1 Line 101-103 Operating Forms/8.2.2.1.20 Line 101 Paint Pot Lines Cleaning Chart.xlsx,8.2.2.1.20,0,Sheet1,xlsx
8.2.2.1 Line 101-103 Operating Forms/8.2.2.1.3 Daily Paint Booth Cleaning Schedule.xlsx,8.2.2.1.3,0,Daily Cleaning Schedule,xlsx
8.2.2.1 Line 101-103 Operating Forms/8.2.2.1.4 Monthly Paint Booth Cleaning Schedule.xlsx,8.2.2.1.4,0,Cleaning Schedule 103,xlsx
8.2.2.1 Line 101-103 Operating Forms/8.2.2.1.4 Monthly Paint Booth Cleaning Schedule.xlsx,8.2.2.1.4,1,Rev Log,xlsx
8.2.2.1 Line 101-103 Operating Forms/8.2.2.1.5 101-103 Daily Load Sheet.xlsx,8.2.2.1.5,0,Load Sheet,xlsx
8.2.2.1 Line 101-103 Operating Forms/8.2.2.1.6 101 Schedule Template.xlsx,8.2.2.1.6,0,Weekly Plan,xlsx
8.2.2.1 Line 101-103 Operating Forms/8.2.2.1.6 101 Schedule Template.xlsx,8.2.2.1.6,1,Paint Usage,xlsx
8.2.2.1 Line 101-103 Operating Forms/8.2.2.1.6 101 Schedule Template.xlsx,8.2.2.1.6,2,Time Matrix,xlsx
8.2.2.1 Line 101-103 Operating Forms/8.2.2.1.6 101 Schedule Template.xlsx,8.2.2.1.6,3,Mon (101),xlsx
8.2.2.1 Line 101-103 Operating Forms/8.2.2.1.6 101 Schedule Template.xlsx,8.2.2.1.6,4,Tue (101),xlsx
8.2.2.1 Line 101-103 Operating Forms/8.2.2.1.6 101 Schedule Template.xlsx,8.2.2.1.6,5,Wed (101),xlsx
8.2.2.1 Line 101-103 Operating Forms/8.2.2.1.6 101 Schedule Template.xlsx,8.2.2.1.6,6,Thu (101),xlsx
8.2.2.1 Line 101-103 Operating Forms/8.2.2.1.6 101 Schedule Template.xlsx,8.2.2.1.6,7,Fri (101),xlsx
8.2.2.1 Line 101-103 Operating Forms/8.2.2.1.6 101 Schedule Template.xlsx,8.2.2.1.6,8,Sat (101),xlsx
8.2.2.1 Line 101-103 Operating Forms/8.2.2.1.6 101 Schedule Template.xlsx,8.2.2.1.6,9,Painter Matrix,xlsx
8.2.2.1 Line 101-103 Operating Forms/8.2.2.1.6 101 Schedule Template.xlsx,8.2.2.1.6,10,Part Info,xlsx
8.2.2.1 Line 101-103 Operating Forms/8.2.2.1.7 Daily Painter Schedule.xlsx,8.2.2.1.7,0,Sheet1,xlsx
8.2.2.1 Line 101-103 Operating Forms/8.2.2.1.9 Daily Down Time.xlsx,8.2.2.1.9,0,Sheet1,xlsx
8.2.2.1 Line 101-103 Operating Forms/8.2.2.1.9 Daily Down Time.xlsx,8.2.2.1.9,1,KANBAN SHEET,xlsx
8.2.2.1 Line 101-103 Operating Forms/Obsolete/101-103 Rack burn off schedule.xlsx,,0,Jan 2022,xlsx
8.2.2.1 Line 101-103 Operating Forms/Obsolete/101-103 Rack burn off schedule.xlsx,,1,Feb 2022,xlsx
8.2.2.1 Line 101-103 Operating Forms/Obsolete/101-103 Rack burn off schedule.xlsx,,2,March 2022 ,xlsx
8.2.2.1 Line 101-103 Operating Forms/Obsolete/101-103 Rack burn off schedule.xlsx,,3,May 2022,xlsx
8.2.2.1 Line 101-103 Operating Forms/Obsolete/101-103 Schedule Template.xlsx,,0,Weekly Plan,xlsx
8.2.2.1 Line 101-103 Operating Forms/Obsolete/101-103 Schedule Template.xlsx,,1,Paint Usage,xlsx
8.2.2.1 Line 101-103 Operating Forms/Obsolete/101-103 Schedule Template.xlsx,,2,Time Matrix,xlsx
8.2.2.1 Line 101-103 Operating Forms/Obsolete/101-103 Schedule Template.xlsx,,3,Mon (101),xlsx
8.2.2.1 Line 101-103 Operating Forms/Obsolete/101-103 Schedule Template.xlsx,,4,Tues (101),xlsx
8.2.2.1 Line 101-103 Operating Forms/Obsolete/101-103 Schedule Template.xlsx,,5,Wed (101),xlsx
8.2.2.1 Line 101-103 Operating Forms/Obsolete/101-103 Schedule Template.xlsx,,6,Thurs (101),xlsx
8.2.2.1 Line 101-103 Operating Forms/Obsolete/101-103 Schedule Template.xlsx,,7,Fri (101),xlsx
8.2.2.1 Line 101-103 Operating Forms/Obsolete/101-103 Schedule Template.xlsx,,8,Sat (101),xlsx
8.2.2.1 Line 101-103 Operating Forms/Obsolete/101-103 Schedule Template.xlsx,,9,Painter Matrix,xlsx
8.2.2.1 Line 101-103 Operating Forms/Obsolete/101-103 Schedule Template.xlsx,,10,Part Info,xlsx
8.2.2.1 Line 101-103 Operating Forms/Obsolete/8.2.2.1.1 101-103 Weekly Rack Burn Off Tracker.xlsx,8.2.2.1.1,0,101-103,xlsx
8.2.2.1 Line 101-103 Operating Forms/Obsolete/8.2.2.1.10 Daily Painter Line Up.xlsx,8.2.2.1.10,0,Sheet1,xlsx
8.2.2.1 Line 101-103 Operating Forms/Obsolete/8.2.2.1.10 Daily Painter Line Up.xlsx,8.2.2.1.10,1,KANBAN SHEET,xlsx
8.2.2.1 Line 101-103 Operating Forms/Obsolete/8.2.2.1.11 103 Schedule Template (Ver 2).xlsx,8.2.2.1.11,0,Weekly Plan,xlsx
8.2.2.1 Line 101-103 Operating Forms/Obsolete/8.2.2.1.11 103 Schedule Template (Ver 2).xlsx,8.2.2.1.11,1,Paint Usage,xlsx
8.2.2.1 Line 101-103 Operating Forms/Obsolete/8.2.2.1.11 103 Schedule Template (Ver 2).xlsx,8.2.2.1.11,2,Time Matrix,xlsx
8.2.2.1 Line 101-103 Operating Forms/Obsolete/8.2.2.1.11 103 Schedule Template (Ver 2).xlsx,8.2.2.1.11,3,Mon (103),xlsx
8.2.2.1 Line 101-103 Operating Forms/Obsolete/8.2.2.1.11 103 Schedule Template (Ver 2).xlsx,8.2.2.1.11,4,Tue (103),xlsx
8.2.2.1 Line 101-103 Operating Forms/Obsolete/8.2.2.1.11 103 Schedule Template (Ver 2).xlsx,8.2.2.1.11,5,Wed (103),xlsx
8.2.2.1 Line 101-103 Operating Forms/Obsolete/8.2.2.1.11 103 Schedule Template (Ver 2).xlsx,8.2.2.1.11,6,Thur (103),xlsx
8.2.2.1 Line 101-103 Operating Forms/Obsolete/8.2.2.1.11 103 Schedule Template (Ver 2).xlsx,8.2.2.1.11,7,Fri (103),xlsx
8.2.2.1 Line 101-103 Operating Forms/Obsolete/8.2.2.1.11 103 Schedule Template (Ver 2).xlsx,8.2.2.1.11,8,Sat (103),xlsx
8.2.2.1 Line 101-103 Operating Forms/Obsolete/8.2.2.1.11 103 Schedule Template (Ver 2).xlsx,8.2.2.1.11,9,Painter Matrix,xlsx
8.2.2.1 Line 101-103 Operating Forms/Obsolete/8.2.2.1.11 103 Schedule Template (Ver 2).xlsx,8.2.2.1.11,10,Part Info,xlsx
8.2.2.1 Line 101-103 Operating Forms/Obsolete/8.2.2.1.11 103 Schedule Template.xlsx,8.2.2.1.11,0,Weekly Plan,xlsx
8.2.2.1 Line 101-103 Operating Forms/Obsolete/8.2.2.1.11 103 Schedule Template.xlsx,8.2.2.1.11,1,Paint Usage,xlsx
8.2.2.1 Line 101-103 Operating Forms/Obsolete/8.2.2.1.11 103 Schedule Template.xlsx,8.2.2.1.11,2,Time Matrix,xlsx
8.2.2.1 Line 101-103 Operating Forms/Obsolete/8.2.2.1.11 103 Schedule Template.xlsx,8.2.2.1.11,3,Mon (103),xlsx
8.2.2.1 Line 101-103 Operating Forms/Obsolete/8.2.2.1.11 103 Schedule Template.xlsx,8.2.2.1.11,4,Tues (103),xlsx
8.2.2.1 Line 101-103 Operating Forms/Obsolete/8.2.2.1.11 103 Schedule Template.xlsx,8.2.2.1.11,5,Wed (103),xlsx
8.2.2.1 Line 101-103 Operating Forms/Obsolete/8.2.2.1.11 103 Schedule Template.xlsx,8.2.2.1.11,6,Thurs (103),xlsx
8.2.2.1 Line 101-103 Operating Forms/Obsolete/8.2.2.1.11 103 Schedule Template.xlsx,8.2.2.1.11,7,Fri (103),xlsx
8.2.2.1 Line 101-103 Operating Forms/Obsolete/8.2.2.1.11 103 Schedule Template.xlsx,8.2.2.1.11,8,Sat (103),xlsx
8.2.2.1 Line 101-103 Operating Forms/Obsolete/8.2.2.1.11 103 Schedule Template.xlsx,8.2.2.1.11,9,Painter Matrix,xlsx
8.2.2.1 Line 101-103 Operating Forms/Obsolete/8.2.2.1.11 103 Schedule Template.xlsx,8.2.2.1.11,10,Part Info,xlsx
8.2.2.1 Line 101-103 Operating Forms/Obsolete/8.2.2.1.5 101-103 Daily Load Sheet (V2).xlsx,8.2.2.1.5,0,Load Sheet,xlsx
8.2.2.1 Line 101-103 Operating Forms/Obsolete/8.2.2.1.5 101-103 Daily Load Sheet- Ver 1.xlsx,8.2.2.1.5,0,Load Sheet,xlsx
8.2.2.1 Line 101-103 Operating Forms/Obsolete/8.2.2.1.5 101-103 Daily Load Sheet.xlsx,8.2.2.1.5,0,Load Sheet,xlsx
8.2.2.1 Line 101-103 Operating Forms/Obsolete/8.2.2.1.5 Load Sheet.xlsx,8.2.2.1.5,0,Load Sheet,xlsx
8.2.2.1 Line 101-103 Operating Forms/Obsolete/8.2.2.1.5 Load Sheet.xlsx,8.2.2.1.5,1,KANBAN SHEET,xlsx
8.2.2.1 Line 101-103 Operating Forms/Obsolete/8.2.2.1.6 101 Schedule Template (Ver 2).xlsx,8.2.2.1.6,0,Weekly Plan,xlsx
8.2.2.1 Line 101-103 Operating Forms/Obsolete/8.2.2.1.6 101 Schedule Template (Ver 2).xlsx,8.2.2.1.6,1,Paint Usage,xlsx
8.2.2.1 Line 101-103 Operating Forms/Obsolete/8.2.2.1.6 101 Schedule Template (Ver 2).xlsx,8.2.2.1.6,2,Time Matrix,xlsx
8.2.2.1 Line 101-103 Operating Forms/Obsolete/8.2.2.1.6 101 Schedule Template (Ver 2).xlsx,8.2.2.1.6,3,Mon (101),xlsx
8.2.2.1 Line 101-103 Operating Forms/Obsolete/8.2.2.1.6 101 Schedule Template (Ver 2).xlsx,8.2.2.1.6,4,Tues (101),xlsx
8.2.2.1 Line 101-103 Operating Forms/Obsolete/8.2.2.1.6 101 Schedule Template (Ver 2).xlsx,8.2.2.1.6,5,Wed (101),xlsx
8.2.2.1 Line 101-103 Operating Forms/Obsolete/8.2.2.1.6 101 Schedule Template (Ver 2).xlsx,8.2.2.1.6,6,Thurs (101),xlsx
8.2.2.1 Line 101-103 Operating Forms/Obsolete/8.2.2.1.6 101 Schedule Template (Ver 2).xlsx,8.2.2.1.6,7,Fri (101),xlsx
8.2.2.1 Line 101-103 Operating Forms/Obsolete/8.2.2.1.6 101 Schedule Template (Ver 2).xlsx,8.2.2.1.6,8,Sat (101),xlsx
8.2.2.1 Line 101-103 Operating Forms/Obsolete/8.2.2.1.6 101 Schedule Template (Ver 2).xlsx,8.2.2.1.6,9,Painter Matrix,xlsx
8.2.2.1 Line 101-103 Operating Forms/Obsolete/8.2.2.1.6 101 Schedule Template (Ver 2).xlsx,8.2.2.1.6,10,Part Info,xlsx
8.2.2.1 Line 101-103 Operating Forms/Obsolete/8.2.2.1.6 101 Schedule Template (Ver 3).xlsx,8.2.2.1.6,0,Weekly Plan,xlsx
8.2.2.1 Line 101-103 Operating Forms/Obsolete/8.2.2.1.6 101 Schedule Template (Ver 3).xlsx,8.2.2.1.6,1,Paint Usage,xlsx
8.2.2.1 Line 101-103 Operating Forms/Obsolete/8.2.2.1.6 101 Schedule Template (Ver 3).xlsx,8.2.2.1.6,2,Time Matrix,xlsx
8.2.2.1 Line 101-103 Operating Forms/Obsolete/8.2.2.1.6 101 Schedule Template (Ver 3).xlsx,8.2.2.1.6,3,Mon (101),xlsx
8.2.2.1 Line 101-103 Operating Forms/Obsolete/8.2.2.1.6 101 Schedule Template (Ver 3).xlsx,8.2.2.1.6,4,Tue (101),xlsx
8.2.2.1 Line 101-103 Operating Forms/Obsolete/8.2.2.1.6 101 Schedule Template (Ver 3).xlsx,8.2.2.1.6,5,Wed (101),xlsx
8.2.2.1 Line 101-103 Operating Forms/Obsolete/8.2.2.1.6 101 Schedule Template (Ver 3).xlsx,8.2.2.1.6,6,Thur (101),xlsx
8.2.2.1 Line 101-103 Operating Forms/Obsolete/8.2.2.1.6 101 Schedule Template (Ver 3).xlsx,8.2.2.1.6,7,Fri (101),xlsx
8.2.2.1 Line 101-103 Operating Forms/Obsolete/8.2.2.1.6 101 Schedule Template (Ver 3).xlsx,8.2.2.1.6,8,Sat (101),xlsx
8.2.2.1 Line 101-103 Operating Forms/Obsolete/8.2.2.1.6 101 Schedule Template (Ver 3).xlsx,8.2.2.1.6,9,Painter Matrix,xlsx
8.2.2.1 Line 101-103 Operating Forms/Obsolete/8.2.2.1.6 101 Schedule Template (Ver 3).xlsx,8.2.2.1.6,10,Part Info,xlsx
8.2.2.1 Line 101-103 Operating Forms/Obsolete/8.2.2.1.6 101 Schedule Template (Ver 4).xlsx,8.2.2.1.6,0,Weekly Plan,xlsx
8.2.2.1 Line 101-103 Operating Forms/Obsolete/8.2.2.1.6 101 Schedule Template (Ver 4).xlsx,8.2.2.1.6,1,Paint Usage,xlsx
8.2.2.1 Line 101-103 Operating Forms/Obsolete/8.2.2.1.6 101 Schedule Template (Ver 4).xlsx,8.2.2.1.6,2,Time Matrix,xlsx
8.2.2.1 Line 101-103 Operating Forms/Obsolete/8.2.2.1.6 101 Schedule Template (Ver 4).xlsx,8.2.2.1.6,3,Mon (101),xlsx
8.2.2.1 Line 101-103 Operating Forms/Obsolete/8.2.2.1.6 101 Schedule Template (Ver 4).xlsx,8.2.2.1.6,4,Tue (101),xlsx
8.2.2.1 Line 101-103 Operating Forms/Obsolete/8.2.2.1.6 101 Schedule Template (Ver 4).xlsx,8.2.2.1.6,5,Wed (101),xlsx
8.2.2.1 Line 101-103 Operating Forms/Obsolete/8.2.2.1.6 101 Schedule Template (Ver 4).xlsx,8.2.2.1.6,6,Thu (101),xlsx
8.2.2.1 Line 101-103 Operating Forms/Obsolete/8.2.2.1.6 101 Schedule Template (Ver 4).xlsx,8.2.2.1.6,7,Fri (101),xlsx
8.2.2.1 Line 101-103 Operating Forms/Obsolete/8.2.2.1.6 101 Schedule Template (Ver 4).xlsx,8.2.2.1.6,8,Sat (101),xlsx
8.2.2.1 Line 101-103 Operating Forms/Obsolete/8.2.2.1.6 101 Schedule Template (Ver 4).xlsx,8.2.2.1.6,9,Painter Matrix,xlsx
8.2.2.1 Line 101-103 Operating Forms/Obsolete/8.2.2.1.6 101 Schedule Template (Ver 4).xlsx,8.2.2.1.6,10,Part Info,xlsx
8.2.2.1 Line 101-103 Operating Forms/Obsolete/8.2.2.1.6 101 Schedule Template.xlsx,8.2.2.1.6,0,Weekly Plan,xlsx
8.2.2.1 Line 101-103 Operating Forms/Obsolete/8.2.2.1.6 101 Schedule Template.xlsx,8.2.2.1.6,1,Paint Usage,xlsx
8.2.2.1 Line 101-103 Operating Forms/Obsolete/8.2.2.1.6 101 Schedule Template.xlsx,8.2.2.1.6,2,Time Matrix,xlsx
8.2.2.1 Line 101-103 Operating Forms/Obsolete/8.2.2.1.6 101 Schedule Template.xlsx,8.2.2.1.6,3,Mon (103),xlsx
8.2.2.1 Line 101-103 Operating Forms/Obsolete/8.2.2.1.6 101 Schedule Template.xlsx,8.2.2.1.6,4,Tues (103),xlsx
8.2.2.1 Line 101-103 Operating Forms/Obsolete/8.2.2.1.6 101 Schedule Template.xlsx,8.2.2.1.6,5,Wed (103),xlsx
8.2.2.1 Line 101-103 Operating Forms/Obsolete/8.2.2.1.6 101 Schedule Template.xlsx,8.2.2.1.6,6,Thurs (103),xlsx
8.2.2.1 Line 101-103 Operating Forms/Obsolete/8.2.2.1.6 101 Schedule Template.xlsx,8.2.2.1.6,7,Fri (103),xlsx
8.2.2.1 Line 101-103 Operating Forms/Obsolete/8.2.2.1.6 101 Schedule Template.xlsx,8.2.2.1.6,8,Sat (103),xlsx
8.2.2.1 Line 101-103 Operating Forms/Obsolete/8.2.2.1.6 101 Schedule Template.xlsx,8.2.2.1.6,9,Painter Matrix,xlsx
8.2.2.1 Line 101-103 Operating Forms/Obsolete/8.2.2.1.6 101 Schedule Template.xlsx,8.2.2.1.6,10,Part Info,xlsx
8.2.2.1 Line 101-103 Operating Forms/Obsolete/8.2.2.2.43 Truck Load Sheet.xls,8.2.2.2.43,0,Spyder Buffed Parts Inspection,xls
8.2.2.1 Line 101-103 Operating Forms/Obsolete/8.2.2.2.43 Truck Load Sheet.xls,8.2.2.2.43,1,KANBAN SHEET,xls
8.2.2.1 Line 101-103 Operating Forms/Obsolete/8.2.2.2.43 Truck Load Sheet.xls,8.2.2.2.43,2,Rev Log,xls
8.2.2.1 Line 101-103 Operating Forms/Obsolete/8.2.2.3.2 Load Sheet.xlsx,8.2.2.3.2,0,Load Sheet,xlsx
8.2.2.1 Line 101-103 Operating Forms/Obsolete/8.2.2.3.2 Load Sheet.xlsx,8.2.2.3.2,1,KANBAN SHEET,xlsx
8.2.2.1 Line 101-103 Operating Forms/Review and Update/8.2.2.1.4 Monthly Paint Booth Cleaning Schedule.xls,8.2.2.1.4,0,Cleaning Schedule 103,xls
8.2.2.1 Line 101-103 Operating Forms/Review and Update/8.2.2.1.4 Monthly Paint Booth Cleaning Schedule.xls,8.2.2.1.4,1,Rev Log,xls
8.2.2.1 Line 101-103 Operating Forms/Review and Update/8.2.2.1.4 Monthly Paint Booth Cleaning Schedule.xls,8.2.2.1.4,2,KANBAN SHEET,xls
8.2.2.1 Line 101-103 Operating Forms/Review and Update/8.2.2.1.5 Daily Paint Booth Cleaning Schedule.xls,8.2.2.1.5,0,Daily Cleaning Schedule,xls
8.2.2.1 Line 101-103 Operating Forms/Review and Update/8.2.2.1.5 Daily Paint Booth Cleaning Schedule.xls,8.2.2.1.5,1,KANBAN SHEET,xls
8.2.2.1 Line 101-103 Operating Forms/Review and Update/Night Shift Cleaning.xlsx,,0,103 ,xlsx
8.2.2.1 Line 101-103 Operating Forms/Review and Update/Night Shift Cleaning.xlsx,,1,101 ,xlsx
8.2.2.1 Line 101-103 Operating Forms/Review and Update/Night Shift Cleaning.xlsx,,2,102,xlsx
8.2.2.2 Line 102 Operating Forms/8.2.2.2.1 102 Line Paint Production Tracking.xlsx,8.2.2.2.1,0,Line Paint Production Tracking,xlsx
8.2.2.2 Line 102 Operating Forms/8.2.2.2.10 102 Maintenance Log.xlsx,8.2.2.2.10,0,Log,xlsx
8.2.2.2 Line 102 Operating Forms/8.2.2.2.10 102 Maintenance Log.xlsx,8.2.2.2.10,1,Sheet2,xlsx
8.2.2.2 Line 102 Operating Forms/8.2.2.2.17 Approved Tag Tracking.xlsx,8.2.2.2.17,0,Sheet1,xlsx
8.2.2.2 Line 102 Operating Forms/8.2.2.2.17 Approved Tag Tracking.xlsx,8.2.2.2.17,1,KANBAN SHEET,xlsx
8.2.2.2 Line 102 Operating Forms/8.2.2.2.3 102 Line Paint Schedule Template.xlsx,8.2.2.2.3,0,Monday,xlsx
8.2.2.2 Line 102 Operating Forms/8.2.2.2.3 102 Line Paint Schedule Template.xlsx,8.2.2.2.3,1,Tuesday,xlsx
8.2.2.2 Line 102 Operating Forms/8.2.2.2.3 102 Line Paint Schedule Template.xlsx,8.2.2.2.3,2,Wednesday,xlsx
8.2.2.2 Line 102 Operating Forms/8.2.2.2.3 102 Line Paint Schedule Template.xlsx,8.2.2.2.3,3,Thursday,xlsx
8.2.2.2 Line 102 Operating Forms/8.2.2.2.3 102 Line Paint Schedule Template.xlsx,8.2.2.2.3,4,Friday,xlsx
8.2.2.2 Line 102 Operating Forms/8.2.2.2.3 102 Line Paint Schedule Template.xlsx,8.2.2.2.3,5,Saturday,xlsx
8.2.2.2 Line 102 Operating Forms/8.2.2.2.3 102 Line Paint Schedule Template.xlsx,8.2.2.2.3,6,ScheduleMasterRef,xlsx
8.2.2.2 Line 102 Operating Forms/8.2.2.2.3 102 Line Paint Schedule Template.xlsx,8.2.2.2.3,7,MasterTimeRef,xlsx
8.2.2.2 Line 102 Operating Forms/8.2.2.2.3 102 Line Paint Schedule Template.xlsx,8.2.2.2.3,8,MasterJobRef,xlsx
8.2.2.2 Line 102 Operating Forms/8.2.2.2.4 102 Line Loaded Parts Tracking.xlsx,8.2.2.2.4,0,Line Paint Production Tracking,xlsx
8.2.2.2 Line 102 Operating Forms/8.2.2.2.6 Line 102 Programs.xlsx,8.2.2.2.6,0,Sheet1,xlsx
8.2.2.2 Line 102 Operating Forms/8.2.2.2.7 102 Line Operating Form.xlsm,8.2.2.2.7,0,Sheet1,xlsm
8.2.2.2 Line 102 Operating Forms/8.2.2.2.7 102 Line Operating Form.xlsm,8.2.2.2.7,1,Option 1,xlsm
8.2.2.2 Line 102 Operating Forms/8.2.2.2.7 102 Line Operating Form.xlsm,8.2.2.2.7,2,Option 2,xlsm
8.2.2.2 Line 102 Operating Forms/8.2.2.2.7 102 Line Operating Form.xlsm,8.2.2.2.7,3,Sheet2,xlsm
8.2.2.2 Line 102 Operating Forms/8.2.2.2.8 Line 102 Robot Operator Maintenance.xlsx,8.2.2.2.8,0,Sheet1,xlsx
8.2.2.2 Line 102 Operating Forms/8.2.2.2.9 102 TPM Checklist.xlsx,8.2.2.2.9,0,102 TPM Inspection,xlsx
8.2.2.2 Line 102 Operating Forms/Obsolete/102 Line Loaded Parts Tracking Test File.xlsx,,0,Line Paint Production Tracking,xlsx
8.2.2.2 Line 102 Operating Forms/Obsolete/102 Line Loaded Parts Tracking Test File.xlsx,,1,KANBAN SHEET,xlsx
8.2.2.2 Line 102 Operating Forms/Obsolete/102 Line Paint Schedule Template.xlsx,,0,Monday,xlsx
8.2.2.2 Line 102 Operating Forms/Obsolete/102 Line Paint Schedule Template.xlsx,,1,Tuesday,xlsx
8.2.2.2 Line 102 Operating Forms/Obsolete/102 Line Paint Schedule Template.xlsx,,2,Wednesday,xlsx
8.2.2.2 Line 102 Operating Forms/Obsolete/102 Line Paint Schedule Template.xlsx,,3,Thursday,xlsx
8.2.2.2 Line 102 Operating Forms/Obsolete/102 Line Paint Schedule Template.xlsx,,4,Friday,xlsx
8.2.2.2 Line 102 Operating Forms/Obsolete/102 Line Paint Schedule Template.xlsx,,5,Saturday,xlsx
8.2.2.2 Line 102 Operating Forms/Obsolete/102 Line Paint Schedule Template.xlsx,,6,ScheduleMasterRef,xlsx
8.2.2.2 Line 102 Operating Forms/Obsolete/102 Line Paint Schedule Template.xlsx,,7,MasterTimeRef,xlsx
8.2.2.2 Line 102 Operating Forms/Obsolete/102 Line Paint Schedule Template.xlsx,,8,MasterJobRef,xlsx
8.2.2.2 Line 102 Operating Forms/Obsolete/8.2.2.2.1 102 Line Paint Production Tracking(v2).xlsx,8.2.2.2.1,0,Line Paint Production Tracking,xlsx
8.2.2.2 Line 102 Operating Forms/Obsolete/8.2.2.2.1 102 Line Paint Production Tracking(v2).xlsx,8.2.2.2.1,1,Line Paint Tracking,xlsx
8.2.2.2 Line 102 Operating Forms/Obsolete/8.2.2.2.1 102 Line Paint Production Tracking(v2).xlsx,8.2.2.2.1,2,Revision History,xlsx
8.2.2.2 Line 102 Operating Forms/Obsolete/8.2.2.2.1 102 Line Paint Production Tracking(v3).xlsx,8.2.2.2.1,0,Line Paint Production Tracking,xlsx
8.2.2.2 Line 102 Operating Forms/Obsolete/8.2.2.2.1 102 Line Paint Production Tracking.xlsx,8.2.2.2.1,0,Line Paint Production Tracking,xlsx
8.2.2.2 Line 102 Operating Forms/Obsolete/8.2.2.2.3 102 Line Paint Schedule.xlsx,8.2.2.2.3,0,Monday,xlsx
8.2.2.2 Line 102 Operating Forms/Obsolete/8.2.2.2.3 102 Line Paint Schedule.xlsx,8.2.2.2.3,1,Tuesday,xlsx
8.2.2.2 Line 102 Operating Forms/Obsolete/8.2.2.2.3 102 Line Paint Schedule.xlsx,8.2.2.2.3,2,Wednesday,xlsx
8.2.2.2 Line 102 Operating Forms/Obsolete/8.2.2.2.3 102 Line Paint Schedule.xlsx,8.2.2.2.3,3,Thursday,xlsx
8.2.2.2 Line 102 Operating Forms/Obsolete/8.2.2.2.3 102 Line Paint Schedule.xlsx,8.2.2.2.3,4,Friday,xlsx
8.2.2.2 Line 102 Operating Forms/Obsolete/8.2.2.2.3 102 Line Paint Schedule.xlsx,8.2.2.2.3,5,Saturday,xlsx
8.2.2.2 Line 102 Operating Forms/Obsolete/8.2.2.2.3 102 Line Paint Schedule.xlsx,8.2.2.2.3,6,ScheduleMasterRef,xlsx
8.2.2.2 Line 102 Operating Forms/Obsolete/8.2.2.2.3 102 Line Paint Schedule.xlsx,8.2.2.2.3,7,MasterTimeRef,xlsx
8.2.2.2 Line 102 Operating Forms/Obsolete/8.2.2.2.3 102 Line Paint Schedule.xlsx,8.2.2.2.3,8,MasterJobRef,xlsx
8.2.2.2 Line 102 Operating Forms/Obsolete/8.2.2.2.5 102 Rack Burn Off Tracker.xlsx,8.2.2.2.5,0,101-103,xlsx
8.2.2.2 Line 102 Operating Forms/Obsolete/8.2.2.2.8 Line 102 Robot Operator Maintenance.xlsx,8.2.2.2.8,0,Sheet1,xlsx
8.2.2.2 Line 102 Operating Forms/Obsolete/8.2.2.4.2 102 Line Paint Production Tracking.xlsx,8.2.2.4.2,0,Line Paint Production Tracking,xlsx
8.2.2.2 Line 102 Operating Forms/Obsolete/8.2.2.4.2 102 Line Paint Production Tracking.xlsx,8.2.2.4.2,1,Filled Out Sample,xlsx
8.2.2.2 Line 102 Operating Forms/Obsolete/8.2.2.4.2 102 Line Paint Production Tracking.xlsx,8.2.2.4.2,2,KANBAN SHEET,xlsx
8.2.2.2 Line 102 Operating Forms/Obsolete/8.2.2.4.2 102 Line Paint Production Tracking.xlsx,8.2.2.4.2,3,Revision History,xlsx
8.2.2.2 Line 102 Operating Forms/Obsolete/8.2.2.4.4 102 Line Loaded Parts Tracking.xlsx,8.2.2.4.4,0,Line Paint Production Tracking,xlsx
8.2.2.2 Line 102 Operating Forms/Obsolete/Night Shift Cleaning 102.xlsx,,0,102,xlsx
8.2.2.3 Production Forms by Customer/8.2.2.3.2 Rollstamp/8.2.2.3.2.1 Rollstamp BMW G07 Inspection.xlsx,8.2.2.3.2.1,0,BMW,xlsx
8.2.2.3 Production Forms by Customer/8.2.2.3.2 Rollstamp/Obsolete/8.2.2.2.29 BMW Inspection.xlsx,8.2.2.2.29,0,Rollstamp Inspection,xlsx
8.2.2.3 Production Forms by Customer/8.2.2.3.2 Rollstamp/Obsolete/8.2.2.2.29 BMW Inspection.xlsx,8.2.2.2.29,1,Rev Log,xlsx
8.2.2.3 Production Forms by Customer/8.2.2.3.2 Rollstamp/Obsolete/8.2.2.2.29 BMW Inspection.xlsx,8.2.2.2.29,2,Sheet1,xlsx
8.2.2.3 Production Forms by Customer/8.2.2.3.2 Rollstamp/Obsolete/8.2.2.2.41 Tesla REVISED.xlsx,8.2.2.2.41,0,Spyder,xlsx
8.2.2.3 Production Forms by Customer/8.2.2.3.2 Rollstamp/Obsolete/8.2.2.2.41 Tesla REVISED.xlsx,8.2.2.2.41,1,Sheet1,xlsx
8.2.2.3 Production Forms by Customer/8.2.2.3.2 Rollstamp/Obsolete/8.2.2.2.41 Tesla.xlsx,8.2.2.2.41,0,Spyder,xlsx
8.2.2.3 Production Forms by Customer/8.2.2.3.2 Rollstamp/Obsolete/8.2.2.2.41 Tesla.xlsx,8.2.2.2.41,1,Sheet1,xlsx
8.2.2.3 Production Forms by Customer/8.2.2.3.2 Rollstamp/Obsolete/8.2.2.2.42 Tesla Buff Inspection revised.xlsx,8.2.2.2.42,0,MS Tesla,xlsx
8.2.2.3 Production Forms by Customer/8.2.2.3.2 Rollstamp/Obsolete/8.2.2.2.42 Tesla Buff Inspection revised.xlsx,8.2.2.2.42,1,MX Tesla,xlsx
8.2.2.3 Production Forms by Customer/8.2.2.3.2 Rollstamp/Obsolete/8.2.2.2.42 Tesla Buff Inspection.xlsx,8.2.2.2.42,0,Spyder,xlsx
8.2.2.3 Production Forms by Customer/8.2.2.3.2 Rollstamp/Obsolete/8.2.2.2.42 Tesla Buff Inspection.xlsx,8.2.2.2.42,1,Sheet1,xlsx
8.2.2.3 Production Forms by Customer/8.2.2.3.2 Rollstamp/Obsolete/8.2.2.2.43 Tesla GP12 Inspection revised.xlsx,8.2.2.2.43,0,Spyder,xlsx
8.2.2.3 Production Forms by Customer/8.2.2.3.2 Rollstamp/Obsolete/8.2.2.2.43 Tesla GP12 Inspection revised.xlsx,8.2.2.2.43,1,Sheet1,xlsx
8.2.2.3 Production Forms by Customer/8.2.2.3.2 Rollstamp/Obsolete/8.2.2.2.43 Tesla GP12 Inspection.xlsx,8.2.2.2.43,0,Spyder,xlsx
8.2.2.3 Production Forms by Customer/8.2.2.3.2 Rollstamp/Obsolete/8.2.2.2.43 Tesla GP12 Inspection.xlsx,8.2.2.2.43,1,Sheet1,xlsx
8.2.2.3 Production Forms by Customer/8.2.2.3.2 Rollstamp/Obsolete/8.2.2.3.2.1 BMW Inspection.xlsx,8.2.2.3.2.1,0,Rollstamp Inspection,xlsx
8.2.2.3 Production Forms by Customer/8.2.2.3.2 Rollstamp/Obsolete/8.2.2.3.2.1 BMW Inspection.xlsx,8.2.2.3.2.1,1,Rev Log,xlsx
8.2.2.3 Production Forms by Customer/8.2.2.3.2 Rollstamp/Obsolete/8.2.2.3.2.1 BMW Inspection.xlsx,8.2.2.3.2.1,2,Sheet1,xlsx
8.2.2.3 Production Forms by Customer/8.2.2.3.2 Rollstamp/Obsolete/8.2.2.3.2.1 Rollstamp BMW G07 Inspection(V2).xlsx,8.2.2.3.2.1,0,BMW,xlsx
8.2.2.3 Production Forms by Customer/8.2.2.3.2 Rollstamp/Obsolete/8.2.2.3.2.1 Rollstamp BMW G07 Inspection.xlsx,8.2.2.3.2.1,0,BMW,xlsx
8.2.2.3 Production Forms by Customer/8.2.2.3.2 Rollstamp/Obsolete/8.2.2.3.2.2 Rollstamp Tesla Inspection .xlsx,8.2.2.3.2.2,0,Spyder,xlsx
8.2.2.3 Production Forms by Customer/8.2.2.3.2 Rollstamp/Obsolete/8.2.2.3.2.2 Rollstamp Tesla Inspection .xlsx,8.2.2.3.2.2,1,Sheet1,xlsx
8.2.2.3 Production Forms by Customer/8.2.2.3.2 Rollstamp/Obsolete/8.5.2.35 Part Identification - G07 RDM.xlsx,8.5.2.35,0,8.5.2.35,xlsx
8.2.2.3 Production Forms by Customer/8.2.2.3.3 Mytox/8.2.2.3.3.2 Mytox Inspection.xls,8.2.2.3.3.2,0,102 Line Inspection,xls
8.2.2.3 Production Forms by Customer/8.2.2.3.3 Mytox/Obsolete/8.2.2.2.15 Mytox.xls,8.2.2.2.15,0,102 Line Inspection,xls
8.2.2.3 Production Forms by Customer/8.2.2.3.3 Mytox/Obsolete/8.2.2.2.15 Mytox.xls,8.2.2.2.15,1,102 Line Inspection (2),xls
8.2.2.3 Production Forms by Customer/8.2.2.3.3 Mytox/Obsolete/8.2.2.2.15 Mytox.xls,8.2.2.2.15,2,Kanban,xls
8.2.2.3 Production Forms by Customer/8.2.2.3.3 Mytox/Obsolete/8.2.2.2.15 Mytox.xls,8.2.2.2.15,3,Rev Log,xls
8.2.2.3 Production Forms by Customer/8.2.2.3.3 Mytox/Obsolete/8.2.2.2.24 Mytox - Buff Inspect.xls,8.2.2.2.24,0,MYTOX,xls
8.2.2.3 Production Forms by Customer/8.2.2.3.3 Mytox/Obsolete/8.2.2.3.3.1 Mytox GP-12 Tote Count for Shipment.xlsx,8.2.2.3.3.1,0,Sheet1,xlsx
8.2.2.3 Production Forms by Customer/8.2.2.3.4 Laval Tool/8.2.2.3.4.1 Laval Tool Inspection.xlsx,8.2.2.3.4.1,0,Laval Tool,xlsx
8.2.2.3 Production Forms by Customer/8.2.2.3.4 Laval Tool/8.2.2.3.4.2 Laval Tool Buff Inspection.xlsx,8.2.2.3.4.2,0,Laval Tool,xlsx
8.2.2.3 Production Forms by Customer/8.2.2.3.4 Laval Tool/8.2.2.3.4.2 Laval Tool Buff Inspection.xlsx,8.2.2.3.4.2,1,KANBAN SHEET,xlsx
8.2.2.3 Production Forms by Customer/8.2.2.3.4 Laval Tool/Obsolete/8.2.2.2.37 Laval Tool Inspection.xlsx,8.2.2.2.37,0,Laval Tool,xlsx
8.2.2.3 Production Forms by Customer/8.2.2.3.4 Laval Tool/Obsolete/8.2.2.2.37 Laval Tool Inspection.xlsx,8.2.2.2.37,1,KANBAN SHEET,xlsx
8.2.2.3 Production Forms by Customer/8.2.2.3.4 Laval Tool/Obsolete/8.2.2.3.4.1 Laval Tool Inspection.xlsx,8.2.2.3.4.1,0,Laval Tool,xlsx
8.2.2.3 Production Forms by Customer/8.2.2.3.4 Laval Tool/Obsolete/8.2.2.3.4.1 Laval Tool Inspection.xlsx,8.2.2.3.4.1,1,KANBAN SHEET,xlsx
8.2.2.3 Production Forms by Customer/8.2.2.3.5 Metelix/8.2.2.3.5.1 Metelix Inspection.xlsx,8.2.2.3.5.1,0,Spoilers,xlsx
8.2.2.3 Production Forms by Customer/8.2.2.3.5 Metelix/8.2.2.3.5.2 Metelix Buff Inspection.xlsx,8.2.2.3.5.2,0,Spoilers,xlsx
8.2.2.3 Production Forms by Customer/8.2.2.3.5 Metelix/8.2.2.3.5.3 Metelix Moulding-Sanding Inspection.xlsx,8.2.2.3.5.3,0,Spoilers,xlsx
8.2.2.3 Production Forms by Customer/8.2.2.3.5 Metelix/8.2.2.3.5.4 Metelix Hummer Painted Inspection.xlsx,8.2.2.3.5.4,0,Spoilers,xlsx
8.2.2.3 Production Forms by Customer/8.2.2.3.5 Metelix/8.2.2.3.5.5 Metelix Hummer Spoiler Application Tracker.xlsx,8.2.2.3.5.5,0,Sheet1,xlsx
8.2.2.3 Production Forms by Customer/8.2.2.3.5 Metelix/8.2.2.3.5.6 Metelix Y2XX Highwing Painted Inspection.xlsx,8.2.2.3.5.6,0,Spoilers,xlsx
8.2.2.3 Production Forms by Customer/8.2.2.3.5 Metelix/Obsolete/8.2.2.3.5.1 Metelix Inspection.xlsx,8.2.2.3.5.1,0,Spoilers,xlsx
8.2.2.3 Production Forms by Customer/8.2.2.3.5 Metelix/Obsolete/8.2.2.3.5.4 Metelix Hummer Painted Inspection.xlsx,8.2.2.3.5.4,0,Spoilers,xlsx
8.2.2.3 Production Forms by Customer/8.2.2.3.6 KB Components/8.2.2.3.6.1 KB Components Inspection Sheet.xlsx,8.2.2.3.6.1,0,Laval Tool,xlsx
8.2.2.3 Production Forms by Customer/8.2.2.3.6 KB Components/8.2.2.3.6.2 KB Components Buffing Inspection Sheet.xlsx,8.2.2.3.6.2,0,Laval Tool,xlsx
8.2.2.3 Production Forms by Customer/8.2.2.3.6 KB Components/Obsolete/8.2.2.3.6.1 KB Components Inspection Sheet.xlsx,8.2.2.3.6.1,0,Laval Tool,xlsx
8.2.2.3 Production Forms by Customer/8.2.2.3.7 Polycon/8.2.2.3.7.1 Tesla Buff Inspection.xlsx,8.2.2.3.7.1,0,MS Tesla,xlsx
8.2.2.3 Production Forms by Customer/8.2.2.3.7 Polycon/8.2.2.3.7.1 Tesla Buff Inspection.xlsx,8.2.2.3.7.1,1,MX Tesla,xlsx
8.2.2.3 Production Forms by Customer/8.2.2.3.7 Polycon/8.2.2.3.7.2 Tesla Inspection.xlsx,8.2.2.3.7.2,0,Spyder,xlsx
8.2.2.3 Production Forms by Customer/8.2.2.3.7 Polycon/8.2.2.3.7.2 Tesla Inspection.xlsx,8.2.2.3.7.2,1,Sheet1,xlsx
8.2.2.3 Production Forms by Customer/8.2.2.3.7 Polycon/8.2.2.3.7.3 Tesla GP12 Inspection.xlsx,8.2.2.3.7.3,0,Spyder,xlsx
8.2.2.3 Production Forms by Customer/8.2.2.3.7 Polycon/8.2.2.3.7.3 Tesla GP12 Inspection.xlsx,8.2.2.3.7.3,1,Sheet1,xlsx
8.2.2.3 Production Forms by Customer/8.2.2.3.7 Polycon/Obsolete/8.2.2.3.7.2 Tesla Inspection.xlsx,8.2.2.3.7.2,0,Spyder,xlsx
8.2.2.3 Production Forms by Customer/8.2.2.3.7 Polycon/Obsolete/8.2.2.3.7.2 Tesla Inspection.xlsx,8.2.2.3.7.2,1,Sheet1,xlsx
8.2.2.3 Production Forms by Customer/Misc/8.2.2.2.16 Misc Customers.xls,8.2.2.2.16,0,Misc,xls
8.2.2.3 Production Forms by Customer/Misc/8.2.2.2.16 Misc Customers.xls,8.2.2.2.16,1,KANBAN SHEET,xls
8.2.2.3 Production Forms by Customer/Misc/8.2.2.2.16 Misc Customers.xls,8.2.2.2.16,2,Sheet1,xls
8.2.2.3 Production Forms by Customer/Obsolete/Falcon Lakeside/8.5.2.34 Part Identification - Falcon Lakeside.xlsx,8.5.2.34,0,Sheet1,xlsx
8.2.2.3 Production Forms by Customer/Obsolete/Manterra/8.2.2.2.28  Seastar-Manterra-Vario Systems.xls,8.2.2.2.28,0,Evinrude,xls
8.2.2.3 Production Forms by Customer/Obsolete/Manterra/8.2.2.2.28  Seastar-Manterra-Vario Systems.xls,8.2.2.2.28,1,KANBAN,xls
8.2.2.3 Production Forms by Customer/Obsolete/Manterra/8.2.2.2.28  Seastar-Manterra-Vario Systems.xls,8.2.2.2.28,2,Sheet1,xls
8.2.2.3 Production Forms by Customer/Obsolete/Metelix/8.2.2.2.33 RS SPOILER.xlsx,8.2.2.2.33,0,Spoilers,xlsx
8.2.2.3 Production Forms by Customer/Obsolete/Metelix/8.2.2.2.33 RS SPOILER.xlsx,8.2.2.2.33,1,Sheet1,xlsx
8.2.2.3 Production Forms by Customer/Obsolete/Metelix/8.2.2.2.34 RS SPOILER BUFF INSPECTION.xlsx,8.2.2.2.34,0,Spoilers,xlsx
8.2.2.3 Production Forms by Customer/Obsolete/Metelix/8.2.2.2.34 RS SPOILER BUFF INSPECTION.xlsx,8.2.2.2.34,1,Sheet1,xlsx
8.2.2.3 Production Forms by Customer/Obsolete/Metelix/8.5.2.40 Plugging Camaro RS Spoilers.xlsx,8.5.2.40,0,Plugging Camaro RS Spoilers,xlsx
8.2.2.3 Production Forms by Customer/Obsolete/Metelix/8.5.2.40 Plugging Camaro RS Spoilers.xlsx,8.5.2.40,1,Deflash Process ,xlsx
8.2.2.3 Production Forms by Customer/Obsolete/Metelix/8.5.2.40 Plugging Camaro RS Spoilers.xlsx,8.5.2.40,2,Plugs to be used,xlsx
8.2.2.3 Production Forms by Customer/Obsolete/Mitchell/8.5.2.42 Inspection Criteria Mitchell Plastics.xlsx,8.5.2.42,0,Plugging Camaro RS Spoilers,xlsx
8.2.2.3 Production Forms by Customer/Obsolete/Mitchell/8.5.2.42 Inspection Criteria Mitchell Plastics.xlsx,8.5.2.42,1,Plugs to be used,xlsx
8.2.2.3 Production Forms by Customer/Obsolete/Obsolete 2025/8.2.2.3.1 BRP/8.2.2.3.1.1 Spyder Buff Inspect.xlsx,8.2.2.3.1.1,0,Spyder Buffed Parts Inspection,xlsx
8.2.2.3 Production Forms by Customer/Obsolete/Obsolete 2025/8.2.2.3.1 BRP/8.2.2.3.1.2 Spyder - Deep Black.xlsx,8.2.2.3.1.2,0,Spyder,xlsx
8.2.2.3 Production Forms by Customer/Obsolete/Obsolete 2025/8.2.2.3.1 BRP/8.2.2.3.1.3 Spyder Vegas White.xlsx,8.2.2.3.1.3,0,Valcourt Spyder F3 Rev 4,xlsx
8.2.2.3 Production Forms by Customer/Obsolete/Obsolete 2025/8.2.2.3.1 BRP/8.2.2.3.1.4 Spyder - Hyper Silver.xlsx,8.2.2.3.1.4,0,Spyder,xlsx
8.2.2.3 Production Forms by Customer/Obsolete/Obsolete 2025/8.2.2.3.1 BRP/8.2.2.3.1.5 Spyder - Satin Vegas White.xlsx,8.2.2.3.1.5,0,Spyder,xlsx
8.2.2.3 Production Forms by Customer/Obsolete/Obsolete 2025/8.2.2.3.1 BRP/8.2.2.3.1.5 Spyder- British Green.xlsx,8.2.2.3.1.5,0,Inspection Sheet,xlsx
8.2.2.3 Production Forms by Customer/Obsolete/Obsolete 2025/8.2.2.3.1 BRP/8.2.2.3.1.6 Truck Load Sheet.xlsx,8.2.2.3.1.6,0,Spyder Truck Load Sheet,xlsx
8.2.2.3 Production Forms by Customer/Obsolete/Obsolete 2025/8.2.2.3.1 BRP/8.2.2.3.1.6 Truck Load Sheet.xlsx,8.2.2.3.1.6,1,Rev Log,xlsx
8.2.2.3 Production Forms by Customer/Obsolete/Obsolete 2025/8.2.2.3.1 BRP/8.2.2.3.1.7 BRP production actual-vs-target.xlsx,8.2.2.3.1.7,0,instructions,xlsx
8.2.2.3 Production Forms by Customer/Obsolete/Obsolete 2025/8.2.2.3.1 BRP/8.2.2.3.1.7 BRP production actual-vs-target.xlsx,8.2.2.3.1.7,1,Template,xlsx
8.2.2.3 Production Forms by Customer/Obsolete/Obsolete 2025/8.2.2.3.1 BRP/8.2.2.3.1.7 BRP production actual-vs-target.xlsx,8.2.2.3.1.7,2,2024-12-30,xlsx
8.2.2.3 Production Forms by Customer/Obsolete/Obsolete 2025/8.2.2.3.1 BRP/Obsolete/8.2.2.1.2 Truck Load Sheet.xls,8.2.2.1.2,0,Spyder Truck Load Sheet,xls
8.2.2.3 Production Forms by Customer/Obsolete/Obsolete 2025/8.2.2.3.1 BRP/Obsolete/8.2.2.1.2 Truck Load Sheet.xls,8.2.2.1.2,1,KANBAN SHEET,xls
8.2.2.3 Production Forms by Customer/Obsolete/Obsolete 2025/8.2.2.3.1 BRP/Obsolete/8.2.2.1.2 Truck Load Sheet.xls,8.2.2.1.2,2,Rev Log,xls
8.2.2.3 Production Forms by Customer/Obsolete/Obsolete 2025/8.2.2.3.1 BRP/Obsolete/8.2.2.2.18 Spyder Buff Inspect.xls,8.2.2.2.18,0,Spyder Buffed Parts Inspection,xls
8.2.2.3 Production Forms by Customer/Obsolete/Obsolete 2025/8.2.2.3.1 BRP/Obsolete/8.2.2.2.18 Spyder Buff Inspect.xls,8.2.2.2.18,1,KANBAN SHEET,xls
8.2.2.3 Production Forms by Customer/Obsolete/Obsolete 2025/8.2.2.3.1 BRP/Obsolete/8.2.2.2.18 Spyder Buff Inspect.xls,8.2.2.2.18,2,Rev Log,xls
8.2.2.3 Production Forms by Customer/Obsolete/Obsolete 2025/8.2.2.3.1 BRP/Obsolete/8.2.2.2.19 Spyder Vegas White.xlsx,8.2.2.2.19,0,Valcourt Spyder F3 Rev 4,xlsx
8.2.2.3 Production Forms by Customer/Obsolete/Obsolete 2025/8.2.2.3.1 BRP/Obsolete/8.2.2.2.19 Spyder Vegas White.xlsx,8.2.2.2.19,1,KANBAN SHEET,xlsx
8.2.2.3 Production Forms by Customer/Obsolete/Obsolete 2025/8.2.2.3.1 BRP/Obsolete/8.2.2.2.32 Spyder - Deep Black.xlsx,8.2.2.2.32,0,Spyder,xlsx
8.2.2.3 Production Forms by Customer/Obsolete/Obsolete 2025/8.2.2.3.1 BRP/Obsolete/8.2.2.2.32 Spyder - Deep Black.xlsx,8.2.2.2.32,1,KANBAN SHEET,xlsx
8.2.2.3 Production Forms by Customer/Obsolete/Obsolete 2025/8.2.2.3.1 BRP/Obsolete/8.2.2.2.39 Spyder 2022 - Hyper Silver.xlsx,8.2.2.2.39,0,Spyder,xlsx
8.2.2.3 Production Forms by Customer/Obsolete/Obsolete 2025/8.2.2.3.1 BRP/Obsolete/8.2.2.2.39 Spyder 2022 - Hyper Silver.xlsx,8.2.2.2.39,1,KANBAN SHEET,xlsx
8.2.2.3 Production Forms by Customer/Obsolete/Obsolete 2025/8.2.2.3.1 BRP/Obsolete/8.2.2.2.39 Spyder 2022 - Hyper Silver.xlsx,8.2.2.2.39,2,Rev Log,xlsx
8.2.2.3 Production Forms by Customer/Obsolete/Obsolete 2025/8.2.2.3.1 BRP/Obsolete/8.2.2.2.39 Spyder 2022 - Hyper Silver.xlsx,8.2.2.2.39,3,Inventory Check Sheet,xlsx
8.2.2.3 Production Forms by Customer/Obsolete/Obsolete 2025/8.2.2.3.1 BRP/Obsolete/8.2.2.2.40 Spyder 2022 - Shadow Green.xlsx,8.2.2.2.40,0,Spyder,xlsx
8.2.2.3 Production Forms by Customer/Obsolete/Obsolete 2025/8.2.2.3.1 BRP/Obsolete/8.2.2.2.40 Spyder 2022 - Shadow Green.xlsx,8.2.2.2.40,1,KANBAN SHEET,xlsx
8.2.2.3 Production Forms by Customer/Obsolete/Obsolete 2025/8.2.2.3.1 BRP/Obsolete/8.2.2.2.40 Spyder 2022 - Shadow Green.xlsx,8.2.2.2.40,2,Rev Log,xlsx
8.2.2.3 Production Forms by Customer/Obsolete/Obsolete 2025/8.2.2.3.1 BRP/Obsolete/8.2.2.2.40 Spyder 2022 - Shadow Green.xlsx,8.2.2.2.40,3,Inventory Check Sheet,xlsx
8.2.2.3 Production Forms by Customer/Obsolete/Obsolete 2025/8.2.2.3.1 BRP/Obsolete/8.2.2.3.1.1 Spyder Buff Inspect.xls,8.2.2.3.1.1,0,Spyder Buffed Parts Inspection,xls
8.2.2.3 Production Forms by Customer/Obsolete/Obsolete 2025/8.2.2.3.1 BRP/Obsolete/8.2.2.3.1.1 Spyder Buff Inspect.xls,8.2.2.3.1.1,1,Rev Log,xls
8.2.2.3 Production Forms by Customer/Obsolete/Obsolete 2025/8.2.2.3.1 BRP/Obsolete/8.2.2.3.1.1 Spyder Buff Inspect.xlsx,8.2.2.3.1.1,0,Spyder Buffed Parts Inspection,xlsx
8.2.2.3 Production Forms by Customer/Obsolete/Obsolete 2025/8.2.2.3.1 BRP/Obsolete/8.2.2.3.1.2 Spyder - Deep Black(v2).xlsx,8.2.2.3.1.2,0,Spyder,xlsx
8.2.2.3 Production Forms by Customer/Obsolete/Obsolete 2025/8.2.2.3.1 BRP/Obsolete/8.2.2.3.1.2 Spyder - Deep Black.xlsx,8.2.2.3.1.2,0,Spyder,xlsx
8.2.2.3 Production Forms by Customer/Obsolete/Obsolete 2025/8.2.2.3.1 BRP/Obsolete/8.2.2.3.1.3 Spyder Vegas White(v2).xlsx,8.2.2.3.1.3,0,Valcourt Spyder F3 Rev 4,xlsx
8.2.2.3 Production Forms by Customer/Obsolete/Obsolete 2025/8.2.2.3.1 BRP/Obsolete/8.2.2.3.1.3 Spyder Vegas White(v2).xlsx,8.2.2.3.1.3,1,KANBAN SHEET,xlsx
8.2.2.3 Production Forms by Customer/Obsolete/Obsolete 2025/8.2.2.3.1 BRP/Obsolete/8.2.2.3.1.4 Spyder - Hyper Silver(v2).xlsx,8.2.2.3.1.4,0,Spyder,xlsx
8.2.2.3 Production Forms by Customer/Obsolete/Obsolete 2025/8.2.2.3.1 BRP/Obsolete/8.2.2.3.1.4 Spyder - Hyper Silver(v2).xlsx,8.2.2.3.1.4,1,KANBAN SHEET,xlsx
8.2.2.3 Production Forms by Customer/Obsolete/Obsolete 2025/8.2.2.3.1 BRP/Obsolete/8.2.2.3.1.4 Spyder - Hyper Silver(v2).xlsx,8.2.2.3.1.4,2,Rev Log,xlsx
8.2.2.3 Production Forms by Customer/Obsolete/Obsolete 2025/8.2.2.3.1 BRP/Obsolete/8.2.2.3.1.4 Spyder - Hyper Silver(v2).xlsx,8.2.2.3.1.4,3,Inventory Check Sheet,xlsx
8.2.2.3 Production Forms by Customer/Obsolete/Obsolete 2025/8.2.2.3.1 BRP/Obsolete/8.2.2.3.1.5 Spyder- British Green .xlsx,8.2.2.3.1.5,0,Inspection Sheet,xlsx
8.2.2.3 Production Forms by Customer/Obsolete/Obsolete 2025/8.2.2.3.1 BRP/Obsolete/8.5.2.23 Quality Specs & Testing Spyder.xlsx,8.5.2.23,0,Sheet1,xlsx
8.2.2.3 Production Forms by Customer/Obsolete/Obsolete 2025/8.2.2.3.1 BRP/Obsolete/8.5.2.23 Quality Specs & Testing Spyder.xlsx,8.5.2.23,1,Sheet2,xlsx
8.2.2.3 Production Forms by Customer/Obsolete/Obsolete 2025/8.2.2.3.1 BRP/Obsolete/8.5.2.23 Quality Specs & Testing Spyder.xlsx,8.5.2.23,2,Sheet3,xlsx
8.2.2.3 Production Forms by Customer/Obsolete/Obsolete 2025/8.2.2.3.1 BRP/Obsolete/8.5.2.33 Spyder Fender Paint Soak.xlsx,8.5.2.33,0,Sheet1,xlsx
8.2.2.3 Production Forms by Customer/Obsolete/Obsolete 2025/8.2.2.3.1 BRP/Obsolete/8.5.2.38 Part Orientation Spyder R66.xlsx,8.5.2.38,0,11x17,xlsx
8.2.2.3 Production Forms by Customer/Obsolete/Obsolete 2025/8.2.2.3.1 BRP/Obsolete/8.5.2.38 Part Orientation Spyder R66.xlsx,8.5.2.38,1,8x11.5,xlsx
8.2.2.3 Production Forms by Customer/Obsolete/Obsolete 2025/8.2.2.3.1 BRP/Obsolete/8.5.2.47 SPYDER Master Part List MY23.xls,8.5.2.47,0,Spyder- MANTA GREEN & V White,xls
8.2.2.3 Production Forms by Customer/Obsolete/Obsolete 2025/8.2.2.3.1 BRP/Obsolete/8.5.2.47 SPYDER Master Part List MY23.xls,8.5.2.47,1,Deep Blk Hyper Silver Shadow Gr,xls
8.2.2.4 Shipping Forms/8.2.2.4.1 P2 Receiving Log Blank Template.xlsx,8.2.2.4.1,0,Jan,xlsx
8.2.2.4 Shipping Forms/8.2.2.4.1 P2 Receiving Log Blank Template.xlsx,8.2.2.4.1,1,Feb,xlsx
8.2.2.4 Shipping Forms/8.2.2.4.1 P2 Receiving Log Blank Template.xlsx,8.2.2.4.1,2,March,xlsx
8.2.2.4 Shipping Forms/8.2.2.4.1 P2 Receiving Log Blank Template.xlsx,8.2.2.4.1,3,April,xlsx
8.2.2.4 Shipping Forms/8.2.2.4.1 P2 Receiving Log Blank Template.xlsx,8.2.2.4.1,4,May,xlsx
8.2.2.4 Shipping Forms/8.2.2.4.1 P2 Receiving Log Blank Template.xlsx,8.2.2.4.1,5,June,xlsx
8.2.2.4 Shipping Forms/8.2.2.4.1 P2 Receiving Log Blank Template.xlsx,8.2.2.4.1,6,July,xlsx
8.2.2.4 Shipping Forms/8.2.2.4.1 P2 Receiving Log Blank Template.xlsx,8.2.2.4.1,7,Aug,xlsx
8.2.2.4 Shipping Forms/8.2.2.4.1 P2 Receiving Log Blank Template.xlsx,8.2.2.4.1,8,Sept,xlsx
8.2.2.4 Shipping Forms/8.2.2.4.1 P2 Receiving Log Blank Template.xlsx,8.2.2.4.1,9,Oct,xlsx
8.2.2.4 Shipping Forms/8.2.2.4.1 P2 Receiving Log Blank Template.xlsx,8.2.2.4.1,10,Nov,xlsx
8.2.2.4 Shipping Forms/8.2.2.4.1 P2 Receiving Log Blank Template.xlsx,8.2.2.4.1,11,Dec,xlsx
8.2.2.4 Shipping Forms/8.2.2.4.11 Mytox Packslip Template.xlsx,8.2.2.4.11,0,Sheet1,xlsx
8.2.2.4 Shipping Forms/8.2.2.4.12 Rollstamp BMW Packslip Template.xlsx,8.2.2.4.12,0,Sheet1,xlsx
8.2.2.4 Shipping Forms/8.2.2.4.12 Rollstamp BMW Packslip Template.xlsx,8.2.2.4.12,1,Sheet2,xlsx
8.2.2.4 Shipping Forms/8.2.2.4.14 Laval Tool Packslip Template.xlsx,8.2.2.4.14,0,Sheet1,xlsx
8.2.2.4 Shipping Forms/8.2.2.4.17 KB Components Packslip Template.xls,8.2.2.4.17,0,Sheet1,xls
8.2.2.4 Shipping Forms/8.2.2.4.17 KB Components Packslip Template.xls,8.2.2.4.17,1,Sheet3,xls
8.2.2.4 Shipping Forms/8.2.2.4.18 Polycon Packslip Template.xlsx,8.2.2.4.18,0,Sheet1,xlsx
8.2.2.4 Shipping Forms/8.2.2.4.19 Plant 2 Polycon Tracker Template.xlsx,8.2.2.4.19,0,Receiving-Polycon,xlsx
8.2.2.4 Shipping Forms/8.2.2.4.19 Plant 2 Polycon Tracker Template.xlsx,8.2.2.4.19,1,Shipping-Polycon,xlsx
8.2.2.4 Shipping Forms/8.2.2.4.19 Plant 2 Polycon Tracker Template.xlsx,8.2.2.4.19,2,Releases,xlsx
8.2.2.4 Shipping Forms/8.2.2.4.19 Plant 2 Polycon Tracker Template.xlsx,8.2.2.4.19,3,waterfall,xlsx
8.2.2.4 Shipping Forms/8.2.2.4.19 Plant 2 Polycon Tracker Template.xlsx,8.2.2.4.19,4,MRP,xlsx
8.2.2.4 Shipping Forms/8.2.2.4.19 Plant 2 Polycon Tracker Template.xlsx,8.2.2.4.19,5,Parts Legend,xlsx
8.2.2.4 Shipping Forms/8.2.2.4.2 P2 General Pack Slip Template.xls,8.2.2.4.2,0,Sheet1,xls
8.2.2.4 Shipping Forms/8.2.2.4.2 P2 General Pack Slip Template.xls,8.2.2.4.2,1,Sheet3,xls
8.2.2.4 Shipping Forms/8.2.2.4.20 Metelix Demand and Production Tracker Template.xlsx,8.2.2.4.20,0,Shipping,xlsx
8.2.2.4 Shipping Forms/8.2.2.4.20 Metelix Demand and Production Tracker Template.xlsx,8.2.2.4.20,1,Releases,xlsx
8.2.2.4 Shipping Forms/8.2.2.4.20 Metelix Demand and Production Tracker Template.xlsx,8.2.2.4.20,2,waterfall,xlsx
8.2.2.4 Shipping Forms/8.2.2.4.20 Metelix Demand and Production Tracker Template.xlsx,8.2.2.4.20,3,Receiving,xlsx
8.2.2.4 Shipping Forms/8.2.2.4.20 Metelix Demand and Production Tracker Template.xlsx,8.2.2.4.20,4,MRP,xlsx
8.2.2.4 Shipping Forms/8.2.2.4.20 Metelix Demand and Production Tracker Template.xlsx,8.2.2.4.20,5,Part legend,xlsx
8.2.2.4 Shipping Forms/8.2.2.4.20 Metelix Demand and Production Tracker Template.xlsx,8.2.2.4.20,6,Recovery,xlsx
8.2.2.4 Shipping Forms/8.2.2.4.20 Metelix Demand and Production Tracker Template.xlsx,8.2.2.4.20,7,RMA,xlsx
8.2.2.4 Shipping Forms/8.2.2.4.20 Metelix Demand and Production Tracker Template.xlsx,8.2.2.4.20,8,Summary,xlsx
8.2.2.4 Shipping Forms/8.2.2.4.21 Laval Tracker template.xlsx,8.2.2.4.21,0,Instructions,xlsx
8.2.2.4 Shipping Forms/8.2.2.4.21 Laval Tracker template.xlsx,8.2.2.4.21,1,Receiving,xlsx
8.2.2.4 Shipping Forms/8.2.2.4.21 Laval Tracker template.xlsx,8.2.2.4.21,2,Shipping,xlsx
8.2.2.4 Shipping Forms/8.2.2.4.21 Laval Tracker template.xlsx,8.2.2.4.21,3,MRP,xlsx
8.2.2.4 Shipping Forms/8.2.2.4.21 Laval Tracker template.xlsx,8.2.2.4.21,4,Releases,xlsx
8.2.2.4 Shipping Forms/8.2.2.4.21 Laval Tracker template.xlsx,8.2.2.4.21,5,Parts Legend,xlsx
8.2.2.4 Shipping Forms/8.2.2.4.21 Laval Tracker template.xlsx,8.2.2.4.21,6,Shipping total,xlsx
8.2.2.4 Shipping Forms/8.2.2.4.22 KB Components Tracker - Template.xlsx,8.2.2.4.22,0,Receiving,xlsx
8.2.2.4 Shipping Forms/8.2.2.4.22 KB Components Tracker - Template.xlsx,8.2.2.4.22,1,Shipping,xlsx
8.2.2.4 Shipping Forms/8.2.2.4.22 KB Components Tracker - Template.xlsx,8.2.2.4.22,2,MRP,xlsx
8.2.2.4 Shipping Forms/8.2.2.4.22 KB Components Tracker - Template.xlsx,8.2.2.4.22,3,Parts Legend,xlsx
8.2.2.4 Shipping Forms/8.2.2.4.22 KB Components Tracker - Template.xlsx,8.2.2.4.22,4,Releases,xlsx
8.2.2.4 Shipping Forms/8.2.2.4.22 KB Components Tracker - Template.xlsx,8.2.2.4.22,5,waterfall,xlsx
8.2.2.4 Shipping Forms/8.2.2.4.3 P2 Daily Shipping Report Template.xlsx,8.2.2.4.3,0,Jan,xlsx
8.2.2.4 Shipping Forms/8.2.2.4.3 P2 Daily Shipping Report Template.xlsx,8.2.2.4.3,1,Feb,xlsx
8.2.2.4 Shipping Forms/8.2.2.4.3 P2 Daily Shipping Report Template.xlsx,8.2.2.4.3,2,Mar,xlsx
8.2.2.4 Shipping Forms/8.2.2.4.3 P2 Daily Shipping Report Template.xlsx,8.2.2.4.3,3,Apr,xlsx
8.2.2.4 Shipping Forms/8.2.2.4.3 P2 Daily Shipping Report Template.xlsx,8.2.2.4.3,4,May,xlsx
8.2.2.4 Shipping Forms/8.2.2.4.3 P2 Daily Shipping Report Template.xlsx,8.2.2.4.3,5,Jun,xlsx
8.2.2.4 Shipping Forms/8.2.2.4.3 P2 Daily Shipping Report Template.xlsx,8.2.2.4.3,6,Jul,xlsx
8.2.2.4 Shipping Forms/8.2.2.4.3 P2 Daily Shipping Report Template.xlsx,8.2.2.4.3,7,Aug,xlsx
8.2.2.4 Shipping Forms/8.2.2.4.3 P2 Daily Shipping Report Template.xlsx,8.2.2.4.3,8,Sept,xlsx
8.2.2.4 Shipping Forms/8.2.2.4.3 P2 Daily Shipping Report Template.xlsx,8.2.2.4.3,9,Oct,xlsx
8.2.2.4 Shipping Forms/8.2.2.4.3 P2 Daily Shipping Report Template.xlsx,8.2.2.4.3,10,Nov,xlsx
8.2.2.4 Shipping Forms/8.2.2.4.3 P2 Daily Shipping Report Template.xlsx,8.2.2.4.3,11,Dec,xlsx
8.2.2.4 Shipping Forms/8.2.2.4.3 P2 Daily Shipping Report Template.xlsx,8.2.2.4.3,12,Totals,xlsx
8.2.2.4 Shipping Forms/8.2.2.4.4 P2 Monthly Totals Template.xlsx,8.2.2.4.4,0,Sheet1,xlsx
8.2.2.4 Shipping Forms/8.2.2.4.4 P2 Monthly Totals Template.xlsx,8.2.2.4.4,1,Sheet2,xlsx
8.2.2.4 Shipping Forms/8.2.2.4.5 P2 Monthly Delivery Performance Template .xlsx,8.2.2.4.5,0,Monthly,xlsx
8.2.2.4 Shipping Forms/8.2.2.4.5 P2 Monthly Delivery Performance Template .xlsx,8.2.2.4.5,1,Daily,xlsx
8.2.2.4 Shipping Forms/8.2.2.4.9 Metelix Packslip Template.xlsx,8.2.2.4.9,0,Sheet1,xlsx
8.2.2.4 Shipping Forms/Obsolete/8.2.2.4.10 Mitchell Plastics Packslip Template.xlsx,8.2.2.4.10,0,Sheet1,xlsx
8.2.2.4 Shipping Forms/Obsolete/8.2.2.4.10 Mitchell Plastics Packslip Template.xlsx,8.2.2.4.10,1,Sheet3,xlsx
8.2.2.4 Shipping Forms/Obsolete/8.2.2.4.13 Rollstamp Tesla Packslip Template.xlsx,8.2.2.4.13,0,Sheet1,xlsx
8.2.2.4 Shipping Forms/Obsolete/8.2.2.4.13 Rollstamp Tesla Packslip Template.xlsx,8.2.2.4.13,1,Sheet2,xlsx
8.2.2.4 Shipping Forms/Obsolete/8.2.2.4.14 Laval Tool Packslip Template.xlsx,8.2.2.4.14,0,Sheet1,xlsx
8.2.2.4 Shipping Forms/Obsolete/8.2.2.4.15 Variosystem Packslip Template.xlsx,8.2.2.4.15,0,Sheet1,xlsx
8.2.2.4 Shipping Forms/Obsolete/8.2.2.4.16 BRP Packing Slip Blank Template V2.xlsx,8.2.2.4.16,0,Packing Slip,xlsx
8.2.2.4 Shipping Forms/Obsolete/8.2.2.4.16 BRP Packing Slip Blank Template V2.xlsx,8.2.2.4.16,1,MasterList,xlsx
8.2.2.4 Shipping Forms/Obsolete/8.2.2.4.16 BRP Packing Slip Blank Template v3.xlsx,8.2.2.4.16,0,Packing Slip,xlsx
8.2.2.4 Shipping Forms/Obsolete/8.2.2.4.16 BRP Packing Slip Blank Template v3.xlsx,8.2.2.4.16,1,MasterList,xlsx
8.2.2.4 Shipping Forms/Obsolete/8.2.2.4.16 BRP Packing Slip Blank Template.xlsx,8.2.2.4.16,0,Packing Slip,xlsx
8.2.2.4 Shipping Forms/Obsolete/8.2.2.4.16 BRP Packing Slip Blank Template.xlsx,8.2.2.4.16,1,MasterList,xlsx
8.2.2.4 Shipping Forms/Obsolete/8.2.2.4.3 P2 Daily Shipping Report Template 1_16_25.xlsx,8.2.2.4.3,0,Jan,xlsx
8.2.2.4 Shipping Forms/Obsolete/8.2.2.4.3 P2 Daily Shipping Report Template 1_16_25.xlsx,8.2.2.4.3,1,Feb,xlsx
8.2.2.4 Shipping Forms/Obsolete/8.2.2.4.3 P2 Daily Shipping Report Template 1_16_25.xlsx,8.2.2.4.3,2,March,xlsx
8.2.2.4 Shipping Forms/Obsolete/8.2.2.4.3 P2 Daily Shipping Report Template 1_16_25.xlsx,8.2.2.4.3,3,April,xlsx
8.2.2.4 Shipping Forms/Obsolete/8.2.2.4.3 P2 Daily Shipping Report Template 1_16_25.xlsx,8.2.2.4.3,4,May,xlsx
8.2.2.4 Shipping Forms/Obsolete/8.2.2.4.3 P2 Daily Shipping Report Template 1_16_25.xlsx,8.2.2.4.3,5,June,xlsx
8.2.2.4 Shipping Forms/Obsolete/8.2.2.4.3 P2 Daily Shipping Report Template 1_16_25.xlsx,8.2.2.4.3,6,July,xlsx
8.2.2.4 Shipping Forms/Obsolete/8.2.2.4.3 P2 Daily Shipping Report Template 1_16_25.xlsx,8.2.2.4.3,7,Aug,xlsx
8.2.2.4 Shipping Forms/Obsolete/8.2.2.4.3 P2 Daily Shipping Report Template 1_16_25.xlsx,8.2.2.4.3,8,Sept,xlsx
8.2.2.4 Shipping Forms/Obsolete/8.2.2.4.3 P2 Daily Shipping Report Template 1_16_25.xlsx,8.2.2.4.3,9,Oct,xlsx
8.2.2.4 Shipping Forms/Obsolete/8.2.2.4.3 P2 Daily Shipping Report Template 1_16_25.xlsx,8.2.2.4.3,10,Nov,xlsx
8.2.2.4 Shipping Forms/Obsolete/8.2.2.4.3 P2 Daily Shipping Report Template 1_16_25.xlsx,8.2.2.4.3,11,Dec,xlsx
8.2.2.4 Shipping Forms/Obsolete/8.2.2.4.3 P2 Daily Shipping Report Template 1_16_25.xlsx,8.2.2.4.3,12,Totals,xlsx
8.2.2.4 Shipping Forms/Obsolete/8.2.2.4.3 P2 Daily Shipping Report Template.xlsx,8.2.2.4.3,0,Jan,xlsx
8.2.2.4 Shipping Forms/Obsolete/8.2.2.4.3 P2 Daily Shipping Report Template.xlsx,8.2.2.4.3,1,Feb,xlsx
8.2.2.4 Shipping Forms/Obsolete/8.2.2.4.3 P2 Daily Shipping Report Template.xlsx,8.2.2.4.3,2,Mar,xlsx
8.2.2.4 Shipping Forms/Obsolete/8.2.2.4.3 P2 Daily Shipping Report Template.xlsx,8.2.2.4.3,3,Apr,xlsx
8.2.2.4 Shipping Forms/Obsolete/8.2.2.4.3 P2 Daily Shipping Report Template.xlsx,8.2.2.4.3,4,May,xlsx
8.2.2.4 Shipping Forms/Obsolete/8.2.2.4.3 P2 Daily Shipping Report Template.xlsx,8.2.2.4.3,5,June,xlsx
8.2.2.4 Shipping Forms/Obsolete/8.2.2.4.3 P2 Daily Shipping Report Template.xlsx,8.2.2.4.3,6,July,xlsx
8.2.2.4 Shipping Forms/Obsolete/8.2.2.4.3 P2 Daily Shipping Report Template.xlsx,8.2.2.4.3,7,Aug,xlsx
8.2.2.4 Shipping Forms/Obsolete/8.2.2.4.3 P2 Daily Shipping Report Template.xlsx,8.2.2.4.3,8,Sept,xlsx
8.2.2.4 Shipping Forms/Obsolete/8.2.2.4.3 P2 Daily Shipping Report Template.xlsx,8.2.2.4.3,9,Oct,xlsx
8.2.2.4 Shipping Forms/Obsolete/8.2.2.4.3 P2 Daily Shipping Report Template.xlsx,8.2.2.4.3,10,Nov,xlsx
8.2.2.4 Shipping Forms/Obsolete/8.2.2.4.3 P2 Daily Shipping Report Template.xlsx,8.2.2.4.3,11,Dec,xlsx
8.2.2.4 Shipping Forms/Obsolete/8.2.2.4.3 P2 Daily Shipping Report Template.xlsx,8.2.2.4.3,12,Totals,xlsx
8.2.2.4 Shipping Forms/Obsolete/8.2.2.4.5 Monthly Delivery Performance Template.xlsx,8.2.2.4.5,0,JAN,xlsx
8.2.2.4 Shipping Forms/Obsolete/8.2.2.4.5 Monthly Delivery Performance Template.xlsx,8.2.2.4.5,1,FEB,xlsx
8.2.2.4 Shipping Forms/Obsolete/8.2.2.4.5 Monthly Delivery Performance Template.xlsx,8.2.2.4.5,2,MAR,xlsx
8.2.2.4 Shipping Forms/Obsolete/8.2.2.4.5 Monthly Delivery Performance Template.xlsx,8.2.2.4.5,3,APR,xlsx
8.2.2.4 Shipping Forms/Obsolete/8.2.2.4.5 Monthly Delivery Performance Template.xlsx,8.2.2.4.5,4,MAY,xlsx
8.2.2.4 Shipping Forms/Obsolete/8.2.2.4.5 Monthly Delivery Performance Template.xlsx,8.2.2.4.5,5,JUN,xlsx
8.2.2.4 Shipping Forms/Obsolete/8.2.2.4.5 Monthly Delivery Performance Template.xlsx,8.2.2.4.5,6,JUL,xlsx
8.2.2.4 Shipping Forms/Obsolete/8.2.2.4.5 Monthly Delivery Performance Template.xlsx,8.2.2.4.5,7,AUG,xlsx
8.2.2.4 Shipping Forms/Obsolete/8.2.2.4.5 Monthly Delivery Performance Template.xlsx,8.2.2.4.5,8,SEP,xlsx
8.2.2.4 Shipping Forms/Obsolete/8.2.2.4.5 Monthly Delivery Performance Template.xlsx,8.2.2.4.5,9,OCT,xlsx
8.2.2.4 Shipping Forms/Obsolete/8.2.2.4.5 Monthly Delivery Performance Template.xlsx,8.2.2.4.5,10,NOV,xlsx
8.2.2.4 Shipping Forms/Obsolete/8.2.2.4.5 Monthly Delivery Performance Template.xlsx,8.2.2.4.5,11,DEC,xlsx
8.2.2.4 Shipping Forms/Obsolete/8.2.2.4.5 Monthly Delivery Performance Template.xlsx,8.2.2.4.5,12,Summary,xlsx
8.2.2.4 Shipping Forms/Obsolete/8.2.2.4.5 P2 Monthly Delivery Performance Template.xlsx,8.2.2.4.5,0,Monthly,xlsx
8.2.2.4 Shipping Forms/Obsolete/8.2.2.4.5 P2 Monthly Delivery Performance Template.xlsx,8.2.2.4.5,1,Daily,xlsx
8.2.2.4 Shipping Forms/Obsolete/8.2.2.4.6 Dometic Marine Canada (Sea Star) Packslip Template.xls,8.2.2.4.6,0,Sheet1,xls
8.2.2.4 Shipping Forms/Obsolete/8.2.2.4.7 Falcon Lakeside Packslip Template.xls,8.2.2.4.7,0,Sheet1,xls
8.2.2.4 Shipping Forms/Obsolete/8.2.2.4.7 Falcon Lakeside Packslip Template.xls,8.2.2.4.7,1,Sheet3,xls
8.2.2.4 Shipping Forms/Obsolete/8.2.2.4.8 Manterra Packslip Template.xlsx,8.2.2.4.8,0,Sheet1,xlsx
8.2.2.4 Shipping Forms/Obsolete/8.2.2.4.8 Manterra Packslip Template.xlsx,8.2.2.4.8,1,Sheet3,xlsx
8.2.2.4 Shipping Forms/Obsolete/8.2.2.4.9 Metelix Packslip Template V2.xlsx,8.2.2.4.9,0,Sheet1,xlsx
8.2.2.4 Shipping Forms/Obsolete/8.2.2.4.9 Metelix Packslip Template.xlsx,8.2.2.4.9,0,Sheet1,xlsx
8.2.2.4 Shipping Forms/Obsolete/8.2.2.4.9 Metelix Packslip Template.xlsx,8.2.2.4.9,1,Sheet3,xlsx
8.2.2.4 Shipping Forms/Obsolete/Laval Tool Packslip Template.xls,,0,Sheet1,xls
8.2.2.4 Shipping Forms/Obsolete/Laval Tool Packslip Template.xls,,1,Sheet3,xls
Obsolete/12.xls,,0,Sheet1,xls
Obsolete/12.xls,,1,Sheet2,xls
Obsolete/12.xls,,2,Sheet3,xls
Obsolete/8.2.2.1.11 Daily Buffing Tally Sheet Mytox.xlsx,8.2.2.1.11,0,1st,xlsx
Obsolete/8.2.2.1.11 Daily Buffing Tally Sheet Mytox.xlsx,8.2.2.1.11,1,KANBAN SHEET,xlsx
Obsolete/8.2.2.1.12 Daily Sanding Tally Sheet Mytox.xlsx,8.2.2.1.12,0,1st,xlsx
Obsolete/8.2.2.1.12 Daily Sanding Tally Sheet Mytox.xlsx,8.2.2.1.12,1,KANBAN SHEET,xlsx
Obsolete/8.2.2.1.13 Daily Paint Booth Maintenance.xls,8.2.2.1.13,0,Daily Cleaning Schedule,xls
Obsolete/8.2.2.1.13 Daily Paint Booth Maintenance.xls,8.2.2.1.13,1,Rev Log,xls
Obsolete/8.2.2.1.13 Daily Paint Booth Maintenance.xls,8.2.2.1.13,2,KANBAN SHEET,xls
Obsolete/8.2.2.1.17 Painter Supplies.xls,8.2.2.1.17,0,Painter Supplies,xls
Obsolete/8.2.2.1.17 Painter Supplies.xls,8.2.2.1.17,1,KANBAN SHEET,xls
Obsolete/8.2.2.1.19 Line Speed Verification.xls,8.2.2.1.19,0,Sheet1,xls
Obsolete/8.2.2.1.19 Line Speed Verification.xls,8.2.2.1.19,1,Sheet2,xls
Obsolete/8.2.2.1.19 Line Speed Verification.xls,8.2.2.1.19,2,Sheet3,xls
Obsolete/8.2.2.1.20 Daily Robot Parameters.xlsx,8.2.2.1.20,0,Sheet1,xlsx
Obsolete/8.2.2.1.20 Daily Robot Parameters.xlsx,8.2.2.1.20,1,KANBAN SHEET,xlsx
Obsolete/8.2.2.1.21 Daily Deburring Tally Sheet.xlsx,8.2.2.1.21,0,1st,xlsx
Obsolete/8.2.2.1.21 Daily Deburring Tally Sheet.xlsx,8.2.2.1.21,1,KANBAN SHEET,xlsx
Obsolete/8.2.2.1.21 Daily Deburring Tally Sheet.xlsx,8.2.2.1.21,2,Rev Log,xlsx
Obsolete/8.2.2.1.21 Daily Sanding Tally Sheet 102 Line.xlsx,8.2.2.1.21,0,1st,xlsx
Obsolete/8.2.2.1.21 Daily Sanding Tally Sheet 102 Line.xlsx,8.2.2.1.21,1,KANBAN SHEET,xlsx
Obsolete/8.2.2.1.22 Daily Sanding Tally Sheet - Spyder.xlsx,8.2.2.1.22,0,Spyder - Daily Sanding,xlsx
Obsolete/8.2.2.1.22 Daily Sanding Tally Sheet - Spyder.xlsx,8.2.2.1.22,1,Rev Log,xlsx
Obsolete/8.2.2.1.23 Daily Buffing Tally Sheet - Spyder.xlsx,8.2.2.1.23,0,Spyder - Daily Buffing,xlsx
Obsolete/8.2.2.1.23 Daily Buffing Tally Sheet - Spyder.xlsx,8.2.2.1.23,1,Rev Log,xlsx
Obsolete/8.2.2.1.24 Daily Sanding Tally Sheet - Metelix (RS Spoilers).xls,8.2.2.1.24,0,R S Spoiler - Daily Sanding,xls
Obsolete/8.2.2.1.24 Daily Sanding Tally Sheet - Metelix (RS Spoilers).xls,8.2.2.1.24,1,Rev Log,xls
Obsolete/8.2.2.1.25 Daily Buffing Tally Sheet - Metelix (RS Spoilers).xls,8.2.2.1.25,0,R S Spoiler - Daily Buffing,xls
Obsolete/8.2.2.1.25 Daily Buffing Tally Sheet - Metelix (RS Spoilers).xls,8.2.2.1.25,1,Rev Log,xls
Obsolete/8.2.2.1.26 Buffing Target Tracking 102 Line.xlsx,8.2.2.1.26,0,Sheet1,xlsx
Obsolete/8.2.2.1.27 Sanding Target Tracking 102 Line.xlsx,8.2.2.1.27,0,Sheet1,xlsx
Obsolete/8.2.2.1.28 Electrolux Daily Stripping Tally Sheet.xlsx,8.2.2.1.28,0,1st,xlsx
Obsolete/8.2.2.1.28 Electrolux Daily Stripping Tally Sheet.xlsx,8.2.2.1.28,1,KANBAN SHEET,xlsx
Obsolete/8.2.2.1.28 Electrolux Daily Stripping Tally Sheet.xlsx,8.2.2.1.28,2,Rev Log,xlsx
Obsolete/8.2.2.1.3 Paint Mix Verification Log DPLF.xls,8.2.2.1.3,0,Sheet1,xls
Obsolete/8.2.2.1.3 Paint Mix Verification Log DPLF.xls,8.2.2.1.3,1,KANBAN SHEET,xls
Obsolete/8.2.2.1.3 Paint Mix Verification Log DPLF.xls,8.2.2.1.3,2,Sheet3,xls
Obsolete/8.2.2.1.6 Tooling Repair Log.xlsx,8.2.2.1.6,0,Sheet1,xlsx
Obsolete/8.2.2.1.6 Tooling Repair Log.xlsx,8.2.2.1.6,1,Sheet2,xlsx
Obsolete/8.2.2.1.6 Tooling Repair Log.xlsx,8.2.2.1.6,2,Sheet3,xlsx
Obsolete/8.2.2.1.7 Daily Buffing Tally Sheet.xlsx,8.2.2.1.7,0,Days,xlsx
Obsolete/8.2.2.1.7 Daily Buffing Tally Sheet.xlsx,8.2.2.1.7,1,Nights,xlsx
Obsolete/8.2.2.1.7 Daily Buffing Tally Sheet.xlsx,8.2.2.1.7,2,KANBAN SHEET,xlsx
Obsolete/8.2.2.1.7 Daily Buffing Tally Sheet.xlsx,8.2.2.1.7,3,Rev Log,xlsx
Obsolete/8.2.2.1.8 Daily Sanding Tally Sheet.xlsx,8.2.2.1.8,0,Sheet 1,xlsx
Obsolete/8.2.2.1.8 Daily Sanding Tally Sheet.xlsx,8.2.2.1.8,1,Sheet 1 (2),xlsx
Obsolete/8.2.2.2.38 Spyder 2022 - Manta Green.xlsx,8.2.2.2.38,0,Spyder,xlsx
Obsolete/8.2.2.2.38 Spyder 2022 - Manta Green.xlsx,8.2.2.2.38,1,KANBAN SHEET,xlsx
Obsolete/8.2.2.25 Solvent Usage Tracking.xlsx,8.2.2.25,0,Sheet1,xlsx
Obsolete/8.2.2.26 Colour Verification (V2).xlsx,8.2.2.26,0,Color Verification,xlsx
Obsolete/8.2.2.26 Colour Verification (V2).xlsx,8.2.2.26,1,Sheet3,xlsx
Obsolete/8.2.2.26 Colour Verification.xlsx,8.2.2.26,0,Color Verification,xlsx
Obsolete/8.2.2.26 Colour Verification.xlsx,8.2.2.26,1,Sheet3,xlsx
Obsolete/8.2.2.26 New Paint Batch Colour Verification.xlsx,8.2.2.26,0,Sheet1,xlsx
Obsolete/8.2.2.3.1 Daily Schedule 103 Line.xls,8.2.2.3.1,0,Sheet2,xls
Obsolete/8.2.2.3.2 Load Sheet.xlsx,8.2.2.3.2,0,Load Sheet,xlsx
Obsolete/8.2.2.3.2 Load Sheet.xlsx,8.2.2.3.2,1,KANBAN SHEET,xlsx
Obsolete/8.2.2.3.3 Mask Tally Sheet.xls,8.2.2.3.3,0,Mask Tally Sheet,xls
Obsolete/8.2.2.3.3 Mask Tally Sheet.xls,8.2.2.3.3,1,KANBAN SHEET,xls
Obsolete/8.2.2.3.4 Rack Cleaning Log.xls,8.2.2.3.4,0,Sheet1,xls
Obsolete/8.2.2.4.1 102 Line Load Sheet.xls,8.2.2.4.1,0,Load Sheet,xls
Obsolete/8.2.2.4.1 102 Line Load Sheet.xls,8.2.2.4.1,1,KANBAN SHEET,xls
Obsolete/8.2.2.4.11 Mytox Packslip Template.xlsx,8.2.2.4.11,0,Sheet1,xlsx
Obsolete/8.2.2.4.11Line 102 Programs.xlsx,8.2.2.4.11,0,Sheet1,xlsx
Obsolete/8.2.2.4.3 102 Booth Cleaning Log.xls,8.2.2.4.3,0,Sheet1,xls
Obsolete/8.2.2.4.3 102 Booth Cleaning Log.xls,8.2.2.4.3,1,KANBAN SHEET,xls
Obsolete/8.2.2.4.3 102 Booth Cleaning Log.xls,8.2.2.4.3,2,Sheet3,xls
Obsolete/8.2.2.4.5 Line 102 Cure  Log.xls,8.2.2.4.5,0,Sheet1,xls
Obsolete/8.2.2.4.5 Line 102 Cure  Log.xls,8.2.2.4.5,1,KANBAN SHEET,xls
Obsolete/8.2.2.4.5 Line 102 Cure  Log.xls,8.2.2.4.5,2,Sheet3,xls
Obsolete/8.2.2.4.6 line 102 Oven And line speed Verification Log.xls,8.2.2.4.6,0,Line 102,xls
Obsolete/8.2.2.4.7 102 Line Shut Down Check List.xlsx.xls,8.2.2.4.7,0,Shut down check list,xls
Obsolete/8.2.2.4.7 102 Line Shut Down Check List.xlsx.xls,8.2.2.4.7,1,KANBAN SHEET,xls
Obsolete/8.2.2.4.8 102 LINE PAINT TRACKING SHEET.xlsx,8.2.2.4.8,0,Line Paint Tracking,xlsx
Obsolete/8.2.2.4.9 Jomi Traveler.xlsx,8.2.2.4.9,0,Sheet1,xlsx
Obsolete/8.2.2.5 Paint Kitchen Inventory (v2).xlsx,8.2.2.5,0,Sheet1,xlsx
Obsolete/8.2.2.5 Paint Kitchen Inventory (v2).xlsx,8.2.2.5,1,Rev Log,xlsx
Obsolete/8.2.2.5 Paint Kitchen Inventory version 1.xlsx,8.2.2.5,0,Sheet1,xlsx
Obsolete/8.2.2.5 Paint Kitchen Inventory version 1.xlsx,8.2.2.5,1,Rev Log,xlsx
Obsolete/8.2.2.5 Paint Kitchen Inventory.xlsx,8.2.2.5,0,Sheet1,xlsx
Obsolete/8.2.2.5 Paint Kitchen Inventory.xlsx,8.2.2.5,1,Rev Log,xlsx
Obsolete/8.2.2.5 Paint Kitchen Inventory12-20-23.xlsx,8.2.2.5,0,Sheet1,xlsx
Obsolete/8.2.2.5 Paint Kitchen Inventory12-20-23.xlsx,8.2.2.5,1,Rev Log,xlsx
Obsolete/8.2.2.5.1 ABC Template.xls,8.2.2.5.1,0,Sheet1,xls
Obsolete/8.2.2.5.1 ABC Template.xls,8.2.2.5.1,1,Sheet2,xls
Obsolete/8.2.2.5.1 ABC Template.xls,8.2.2.5.1,2,Sheet3,xls
Obsolete/8.2.2.5.10 Onward Cluthe Template.xls,8.2.2.5.10,0,Sheet1,xls
Obsolete/8.2.2.5.10 Onward Cluthe Template.xls,8.2.2.5.10,1,Sheet2,xls
Obsolete/8.2.2.5.10 Onward Cluthe Template.xls,8.2.2.5.10,2,Sheet3,xls
Obsolete/8.2.2.5.11 PAPP Template.xls,8.2.2.5.11,0,Sheet1,xls
Obsolete/8.2.2.5.11 PAPP Template.xls,8.2.2.5.11,1,Sheet2,xls
Obsolete/8.2.2.5.11 PAPP Template.xls,8.2.2.5.11,2,Sheet3,xls
Obsolete/8.2.2.5.12 QM Template.xls,8.2.2.5.12,0,Sheet1,xls
Obsolete/8.2.2.5.12 QM Template.xls,8.2.2.5.12,1,Sheet2,xls
Obsolete/8.2.2.5.12 QM Template.xls,8.2.2.5.12,2,Sheet3,xls
Obsolete/8.2.2.5.2 BRP Circuit Yellow Template.xls,8.2.2.5.2,0,Sheet1,xls
Obsolete/8.2.2.5.2 BRP Circuit Yellow Template.xls,8.2.2.5.2,1,Sheet2,xls
Obsolete/8.2.2.5.2 BRP Circuit Yellow Template.xls,8.2.2.5.2,2,Sheet3,xls
Obsolete/8.2.2.5.3 BRP Hyper Silver Template.xls,8.2.2.5.3,0,Sheet1,xls
Obsolete/8.2.2.5.3 BRP Hyper Silver Template.xls,8.2.2.5.3,1,Sheet2,xls
Obsolete/8.2.2.5.3 BRP Hyper Silver Template.xls,8.2.2.5.3,2,Sheet3,xls
Obsolete/8.2.2.5.4 BRP Intense Red Template.xls,8.2.2.5.4,0,Sheet1,xls
Obsolete/8.2.2.5.4 BRP Intense Red Template.xls,8.2.2.5.4,1,Sheet2,xls
Obsolete/8.2.2.5.4 BRP Intense Red Template.xls,8.2.2.5.4,2,Sheet3,xls
Obsolete/8.2.2.5.5 BRP Oxford Blue Template.xls,8.2.2.5.5,0,Sheet1,xls
Obsolete/8.2.2.5.5 BRP Oxford Blue Template.xls,8.2.2.5.5,1,Sheet2,xls
Obsolete/8.2.2.5.5 BRP Oxford Blue Template.xls,8.2.2.5.5,2,Sheet3,xls
Obsolete/8.2.2.5.6 BRP Vegas White Template.xls,8.2.2.5.6,0,Sheet1,xls
Obsolete/8.2.2.5.6 BRP Vegas White Template.xls,8.2.2.5.6,1,Sheet2,xls
Obsolete/8.2.2.5.6 BRP Vegas White Template.xls,8.2.2.5.6,2,Sheet3,xls
Obsolete/8.2.2.5.7 Global Vehicle Systems Template.xls,8.2.2.5.7,0,Sheet1,xls
Obsolete/8.2.2.5.7 Global Vehicle Systems Template.xls,8.2.2.5.7,1,Sheet2,xls
Obsolete/8.2.2.5.7 Global Vehicle Systems Template.xls,8.2.2.5.7,2,Sheet3,xls
Obsolete/8.2.2.5.8 Mitchell Plastics Template.xls,8.2.2.5.8,0,Sheet1,xls
Obsolete/8.2.2.5.8 Mitchell Plastics Template.xls,8.2.2.5.8,1,Sheet2,xls
Obsolete/8.2.2.5.8 Mitchell Plastics Template.xls,8.2.2.5.8,2,Sheet3,xls
Obsolete/8.2.2.5.9 Mytox Template.xls,8.2.2.5.9,0,Sheet1,xls
Obsolete/8.2.2.5.9 Mytox Template.xls,8.2.2.5.9,1,Sheet2,xls
Obsolete/8.2.2.5.9 Mytox Template.xls,8.2.2.5.9,2,Sheet3,xls
Obsolete/8.2.2.7 Daily Sanding Tally Sheet.xlsx,8.2.2.7,0,1st,xlsx
Obsolete/8.2.2.7 Daily Sanding Tally Sheet.xlsx,8.2.2.7,1,Rev Log,xlsx
Obsolete/8.2.2.8 Daily Buffing Tally Sheet.xlsx,8.2.2.8,0,Days,xlsx
Obsolete/8.2.2.8 Daily Buffing Tally Sheet.xlsx,8.2.2.8,1,KANBAN SHEET,xlsx
Obsolete/8.2.2.8 Daily Buffing Tally Sheet.xlsx,8.2.2.8,2,Rev Log,xlsx
Obsolete/8.3.2.7.3 Colour Verification.xlsx,8.3.2.7.3,0,Color Verification,xlsx
Obsolete/8.3.2.7.3 Colour Verification.xlsx,8.3.2.7.3,1,Sheet3,xlsx
Obsolete/8.5.2.11 Sanding Raw V4&V6 Caps at Load.xlsx,8.5.2.11,0,Sheet1,xlsx
Obsolete/8.5.2.20 Masking Guide for Splash Guards.xlsx,8.5.2.20,0,Sheet1,xlsx
Obsolete/8.5.2.22 Quality Specs & Testing QM.xlsx,8.5.2.22,0,Sheet1,xlsx
Obsolete/8.5.2.22 Quality Specs & Testing QM.xlsx,8.5.2.22,1,Sheet2,xlsx
Obsolete/8.5.2.22 Quality Specs & Testing QM.xlsx,8.5.2.22,2,Sheet3,xlsx
Obsolete/8.5.2.28 Using Proper Sandpaper.xlsx,8.5.2.28,0,Sheet1,xlsx
Obsolete/8.5.2.31 SPYDER Master Part List 2019.xls,8.5.2.31,0,Spyder RT,xls
Obsolete/8.5.2.31 SPYDER Master Part List 2019.xls,8.5.2.31,1,Spyder F3T Bagger,xls
Obsolete/8.5.2.32 Short Shots - V6 Hoods.xlsx,8.5.2.32,0,Sheet1,xlsx
Obsolete/8.5.2.36 Part Identification - DSS Control Panel.xlsx,8.5.2.36,0,Sheet1,xlsx
Obsolete/8.5.2.37 Quality Specifications - Electrolux.xlsx,8.5.2.37,0,Quality Specs - Electrolux,xlsx
Obsolete/8.5.2.37 Quality Specifications - Electrolux.xlsx,8.5.2.37,1,Sheet2,xlsx
Obsolete/8.5.2.37 Quality Specifications - Electrolux.xlsx,8.5.2.37,2,Sheet3,xlsx
Obsolete/8.5.2.39 SPYDER Master Part List 2020.xls,8.5.2.39,0,Spyder-Deep Black & Chalk White,xls
Obsolete/8.5.2.39 SPYDER Master Part List 2020.xls,8.5.2.39,1,Spyder F3T Bagger,xls
Obsolete/8.5.2.39 SPYDER Master Part List 2020.xls,8.5.2.39,2,Prime Both Sides,xls
Obsolete/8.5.2.39 SPYDER Master Part List 2020.xls,8.5.2.39,3,Prime Twice,xls
Obsolete/8.5.2.39 SPYDER Master Part List 2020.xls,8.5.2.39,4,HOOK SPACING,xls
Obsolete/8.5.2.41 SPYDER Master Part List 2021 REVISED.xls,8.5.2.41,0,Spyder- MANTA GREEN & V White,xls
Obsolete/8.5.2.41 SPYDER Master Part List 2021 REVISED.xls,8.5.2.41,1,Spyder-Deep Black & HYPER SILVE,xls
Obsolete/8.5.2.41 SPYDER Master Part List 2021 REVISED.xls,8.5.2.41,2,Prime Twice,xls
Obsolete/8.5.2.41 SPYDER Master Part List 2021 REVISED.xls,8.5.2.41,3,HOOK SPACING,xls
Obsolete/8.5.2.41 SPYDER Master Part List 2021 REVISED.xls,8.5.2.41,4,Prime Both Sides,xls
Obsolete/8.5.2.41 SPYDER Master Part List 2021.xls,8.5.2.41,0,Spyder- G Grey & V White,xls
Obsolete/8.5.2.41 SPYDER Master Part List 2021.xls,8.5.2.41,1,Spyder-Deep Black & Chalk White,xls
Obsolete/8.5.2.41 SPYDER Master Part List 2021.xls,8.5.2.41,2,Prime Twice,xls
Obsolete/8.5.2.41 SPYDER Master Part List 2021.xls,8.5.2.41,3,HOOK SPACING,xls
Obsolete/8.5.2.41 SPYDER Master Part List 2021.xls,8.5.2.41,4,Prime Both Sides,xls
Obsolete/8.5.2.44 JOMI Identification.xlsx,8.5.2.44,0,BELT AND UPPER TRIMS,xlsx
Obsolete/8.5.2.46 SPYDER Master Part List 2022.xls,8.5.2.46,0,Spyder- MANTA GREEN & V White,xls
Obsolete/8.5.2.46 SPYDER Master Part List 2022.xls,8.5.2.46,1,Spyder-Deep Black & HYPER SILVE,xls
Obsolete/8.5.2.46 SPYDER Master Part List 2022.xls,8.5.2.46,2,Prime Twice,xls
Obsolete/8.5.2.46 SPYDER Master Part List 2022.xls,8.5.2.46,3,HOOK SPACING,xls
Obsolete/8.5.2.46 SPYDER Master Part List 2022.xls,8.5.2.46,4,Prime Both Sides,xls
Obsolete/8.5.2.7 Quick Reference Quality Testing.xlsx,8.5.2.7,0,Sheet1,xlsx
Obsolete/8.5.2.7 Quick Reference Quality Testing.xlsx,8.5.2.7,1,X-rite Color List,xlsx
Obsolete/8.5.2.7 Quick Reference Quality Testing.xlsx,8.5.2.7,2,Color Masters List,xlsx
Obsolete/8.5.2.8 All Evinrude Pieces.xls,8.5.2.8,0,Sheet1,xls
Obsolete/8.5.2.8 All Evinrude Pieces.xls,8.5.2.8,1,SELECT PPAP LIST SNIPE,xls
Obsolete/8.5.2.8 All Evinrude Pieces.xls,8.5.2.8,2,357610 pORT PANEL,xls
Obsolete/8.5.2.8 All Evinrude Pieces.xls,8.5.2.8,3,357615 strbd  PANEL ,xls
Obsolete/8.5.2.8 All Evinrude Pieces.xls,8.5.2.8,4,357605 FRAME FRONT CVR,xls
Obsolete/8.5.2.8 All Evinrude Pieces.xls,8.5.2.8,5,357600 FRAME TOP COVER,xls
Obsolete/Paint Mix Instruction Sheet.xlsx,,0,Sheet1,xlsx
Obsolete/Product Information 582023.xlsx,,0,Visuals ,xlsx
Obsolete/8.2.2.7 Scan System Files/8.2.2.7.1 RS SPOILER.xlsx,8.2.2.7.1,0,Totals,xlsx
Obsolete/8.2.2.7 Scan System Files/8.2.2.7.1 RS SPOILER.xlsx,8.2.2.7.1,1,Rev Log,xlsx
Obsolete/8.2.2.7 Scan System Files/8.2.2.7.1 RS SPOILER.xlsx,8.2.2.7.1,2,Query,xlsx
Obsolete/Old Forms/8.2.2.2.10 Spyder Circuit Yellow.xls,8.2.2.2.10,0,Valcourt Spyder F3 Rev 4,xls
Obsolete/Old Forms/8.2.2.2.10 Spyder Circuit Yellow.xls,8.2.2.2.10,1,KANBAN SHEET,xls
Obsolete/Old Forms/8.2.2.2.11 Spyder F3T Oxford Blue.xls,8.2.2.2.11,0,Valcourt Spyder F3 Rev 4,xls
Obsolete/Old Forms/8.2.2.2.11 Spyder F3T Oxford Blue.xls,8.2.2.2.11,1,KANBAN SHEET,xls
Obsolete/Old Forms/8.2.2.2.12 Spyder Pure Magnesium.xls,8.2.2.2.12,0,Valcourt Spyder F3 Rev 4,xls
Obsolete/Old Forms/8.2.2.2.12 Spyder Pure Magnesium.xls,8.2.2.2.12,1,KANBAN SHEET,xls
Obsolete/Old Forms/8.2.2.2.13 Splash Guard.xls,8.2.2.2.13,0,Splash Guards,xls
Obsolete/Old Forms/8.2.2.2.13 Splash Guard.xls,8.2.2.2.13,1,KANBAN SHEET,xls
Obsolete/Old Forms/8.2.2.2.14 ABC Exteriors.xls,8.2.2.2.14,0,ABC,xls
Obsolete/Old Forms/8.2.2.2.14 ABC Exteriors.xls,8.2.2.2.14,1,KANBAN SHEET,xls
Obsolete/Old Forms/8.2.2.2.14 ABC Exteriors.xls,8.2.2.2.14,2,Sheet1,xls
Obsolete/Old Forms/8.2.2.2.17 Evinrude Buffed Parts Inspection.xls,8.2.2.2.17,0,Buffed Parts Inspection ,xls
Obsolete/Old Forms/8.2.2.2.17 Evinrude Buffed Parts Inspection.xls,8.2.2.2.17,1,KANBAN SHEET,xls
Obsolete/Old Forms/8.2.2.2.19 Spyder Vegas White RT.xls,8.2.2.2.19,0,Valcourt Spyder F3 Rev 4,xls
Obsolete/Old Forms/8.2.2.2.19 Spyder Vegas White RT.xls,8.2.2.2.19,1,KANBAN SHEET,xls
Obsolete/Old Forms/8.2.2.2.2 Evinrude White.xls,8.2.2.2.2,0,Evinrude,xls
Obsolete/Old Forms/8.2.2.2.2 Evinrude White.xls,8.2.2.2.2,1,KANBAN SHEET,xls
Obsolete/Old Forms/8.2.2.2.2 Evinrude White.xls,8.2.2.2.2,2,Sheet1,xls
Obsolete/Old Forms/8.2.2.2.20 Spyder Vegas White RT Page 2.xls,8.2.2.2.20,0,SYPDER RT PAGE 2,xls
Obsolete/Old Forms/8.2.2.2.20 Spyder Vegas White RT Page 2.xls,8.2.2.2.20,1,KANBAN SHEET,xls
Obsolete/Old Forms/8.2.2.2.21 Mytox - U22X.xls,8.2.2.2.21,0,MYTOX,xls
Obsolete/Old Forms/8.2.2.2.21 Mytox - U22X.xls,8.2.2.2.21,1,KANBAN SHEET,xls
Obsolete/Old Forms/8.2.2.2.21 Mytox - U22X.xls,8.2.2.2.21,2,Sheet1,xls
Obsolete/Old Forms/8.2.2.2.22 Mytox - U354.xls,8.2.2.2.22,0,MYTOX,xls
Obsolete/Old Forms/8.2.2.2.22 Mytox - U354.xls,8.2.2.2.22,1,KANBAN SHEET,xls
Obsolete/Old Forms/8.2.2.2.22 Mytox - U354.xls,8.2.2.2.22,2,Sheet1,xls
Obsolete/Old Forms/8.2.2.2.23 Tiercon - Head Lamp Bezel.xls,8.2.2.2.23,0,MYTOX,xls
Obsolete/Old Forms/8.2.2.2.23 Tiercon - Head Lamp Bezel.xls,8.2.2.2.23,1,KANBAN SHEET,xls
Obsolete/Old Forms/8.2.2.2.23 Tiercon - Head Lamp Bezel.xls,8.2.2.2.23,2,Sheet1,xls
Obsolete/Old Forms/8.2.2.2.24 Mytox - U22X Buff Inspect.xls,8.2.2.2.24,0,MYTOX,xls
Obsolete/Old Forms/8.2.2.2.25 102 LINE BUFFED PARTS INSPECTION.xls,8.2.2.2.25,0,MYTOX,xls
Obsolete/Old Forms/8.2.2.2.26 Spyder RT Oxford Blue.xls,8.2.2.2.26,0,Valcourt Spyder F3 Rev 4,xls
Obsolete/Old Forms/8.2.2.2.26 Spyder RT Oxford Blue.xls,8.2.2.2.26,1,KANBAN SHEET,xls
Obsolete/Old Forms/8.2.2.2.27 Spyder Oxford Blue Buff Inspect.xls,8.2.2.2.27,0,Spyder Buffed Parts Inspection,xls
Obsolete/Old Forms/8.2.2.2.27 Spyder Oxford Blue Buff Inspect.xls,8.2.2.2.27,1,KANBAN SHEET,xls
Obsolete/Old Forms/8.2.2.2.3 Evinrude Smoke Grey.xls,8.2.2.2.3,0,Evinrude,xls
Obsolete/Old Forms/8.2.2.2.3 Evinrude Smoke Grey.xls,8.2.2.2.3,1,KANBAN SHEET,xls
Obsolete/Old Forms/8.2.2.2.3 Evinrude Smoke Grey.xls,8.2.2.2.3,2,Sheet1,xls
Obsolete/Old Forms/8.2.2.2.30 Spyder R66 - Chalk White.xlsx,8.2.2.2.30,0,Spyder,xlsx
Obsolete/Old Forms/8.2.2.2.30 Spyder R66 - Chalk White.xlsx,8.2.2.2.30,1,KANBAN SHEET,xlsx
Obsolete/Old Forms/8.2.2.2.30 Spyder R66 - Chalk White.xlsx,8.2.2.2.30,2,Rev Log,xlsx
Obsolete/Old Forms/8.2.2.2.30 Spyder R66 - Chalk White.xlsx,8.2.2.2.30,3,Inventory Check Sheet,xlsx
Obsolete/Old Forms/8.2.2.2.31 ELECTROLUX.xls,8.2.2.2.31,0,Misc,xls
Obsolete/Old Forms/8.2.2.2.31 ELECTROLUX.xls,8.2.2.2.31,1,KANBAN SHEET,xls
Obsolete/Old Forms/8.2.2.2.31 ELECTROLUX.xls,8.2.2.2.31,2,Sheet1,xls
Obsolete/Old Forms/8.2.2.2.35 Spyder 2021 - Gravity Grey.xlsx,8.2.2.2.35,0,Spyder,xlsx
Obsolete/Old Forms/8.2.2.2.35 Spyder 2021 - Gravity Grey.xlsx,8.2.2.2.35,1,KANBAN SHEET,xlsx
Obsolete/Old Forms/8.2.2.2.36 JOMI INSPECTION.xlsx,8.2.2.2.36,0,102 Line Inspection,xlsx
Obsolete/Old Forms/8.2.2.2.36 JOMI INSPECTION.xlsx,8.2.2.2.36,1,Kanban,xlsx
Obsolete/Old Forms/8.2.2.2.36 JOMI INSPECTION.xlsx,8.2.2.2.36,2,Rev Log,xlsx
Obsolete/Old Forms/8.2.2.2.4 Evinrude Orbital Blue.xls,8.2.2.2.4,0,Evinrude,xls
Obsolete/Old Forms/8.2.2.2.4 Evinrude Orbital Blue.xls,8.2.2.2.4,1,KANBAN SHEET,xls
Obsolete/Old Forms/8.2.2.2.41 Tesla Inspection old.xlsx,8.2.2.2.41,0,Rollstamp Inspection,xlsx
Obsolete/Old Forms/8.2.2.2.41 Tesla Inspection old.xlsx,8.2.2.2.41,1,Rev Log,xlsx
Obsolete/Old Forms/8.2.2.2.41 Tesla Inspection old.xlsx,8.2.2.2.41,2,Sheet1,xlsx
Obsolete/Old Forms/8.2.2.2.5 Evinrude Hyper Silver.xls,8.2.2.2.5,0,Evinrude,xls
Obsolete/Old Forms/8.2.2.2.5 Evinrude Hyper Silver.xls,8.2.2.2.5,1,KANBAN SHEET,xls
Obsolete/Old Forms/8.2.2.2.5 Evinrude Hyper Silver.xls,8.2.2.2.5,2,Sheet1,xls
Obsolete/Old Forms/8.2.2.2.6 Evinrude Radical Red.xls,8.2.2.2.6,0,Evinrude,xls
Obsolete/Old Forms/8.2.2.2.6 Evinrude Radical Red.xls,8.2.2.2.6,1,KANBAN SHEET,xls
Obsolete/Old Forms/8.2.2.2.6 Evinrude Radical Red.xls,8.2.2.2.6,2,Sheet1,xls
Obsolete/Old Forms/8.2.2.2.7 Spyder Vegas White.xls,8.2.2.2.7,0,Valcourt Spyder F3 Rev 4,xls
Obsolete/Old Forms/8.2.2.2.7 Spyder Vegas White.xls,8.2.2.2.7,1,KANBAN SHEET,xls
Obsolete/Old Forms/8.2.2.2.8 Spyder Intense Red.xls,8.2.2.2.8,0,Valcourt Spyder F3 Rev 4,xls
Obsolete/Old Forms/8.2.2.2.8 Spyder Intense Red.xls,8.2.2.2.8,1,KANBAN SHEET,xls
Obsolete/Old Forms/8.2.2.2.9 Spyder Hyper Silver.xls,8.2.2.2.9,0,Valcourt Spyder F3 Rev 4,xls
Obsolete/Old Forms/8.2.2.2.9 Spyder Hyper Silver.xls,8.2.2.2.9,1,KANBAN SHEET,xls
